JulianDay, ClimateParameter, InputTemperature,InputPrecipitation,InputEvapotranspiration,GreenAreaIndex, SurfaceTemperature, SoilTemperature, CropCoefficient, CropInterception, VolumetricSoilWaterContent, ActualEvapotranspiration, DeepPercolation, ReferenceEvapotranspiration, SoilAvailableWater, WaterStorage, ClimateParamterTemperature, ClimateParameterWater, FieldCapacity, WiltingPoint
1,0.0960523164554283,-10.66,0.08,0, 4.60716746800396E-21,-2.132,0, 0.8, 0, 0.369714619555102, 0, 0, 0, 0.08, 92.5086548887755, 0.0125217292542804, 0.806666666666667, 0.369714619555102, 0.227997481880444
2,0.0958530639344856,-7.75,0.33,0, 8.05220985090131E-21,-1.55,-0.30078443767158, 0.8, 0, 0.370034619555102, 0, 0.0799999999999983, 0, 0.33, 92.7586548887755, 0.0125217292542804, 0.804993303932428, 0.369714619555102, 0.227997481880444
3,0.0806779180536193,-4.68,0.88,0, 1.40264743572865E-20,-0.936,-0.424050860713639, 0.8, 0, 0.371034619555102, 0, 0.329999999999998, 0, 0.88, 93.3086548887755, 0.010608241157432, 0.799764045387933, 0.369714619555102, 0.227997481880444
4,0.0739827011338891,-10.32,0,0, 2.43519818427965E-20,-2.064,-0.742290331468632, 0.8, 0, 0.373234619555102, 0, 0.879999999999995, 0, 0, 92.4286548887755, 0.00986987040222025, 0.788259676590043, 0.369714619555102, 0.227997481880444
5,0.0620321409268183,-9.56,0.09,0, 4.21378576999162E-20,-1.912,-0.969277728170709, 0.8, 0, 0.369714619555102, 0, 0, 0, 0.09, 92.5186548887755, 0.00808673546264159, 0.806666666666667, 0.369714619555102, 0.227997481880444
6,0.0529840812095727,-9.99,0,0, 7.2671302604661E-20,-1.998,-1.16890588949484, 0.8, 0, 0.370074619555102, 0, 0.0900000000000034, 0, 0, 92.4286548887755, 0.00692335465802405, 0.804784133590648, 0.369714619555102, 0.227997481880444
7,0.0458320511293902,-1.54,0.55,0, 1.24912468006993E-19,-0.308,-1.00184324829493, 0.8, 0, 0.369714619555102, 0, 0, 0, 0.55, 92.9786548887755, 0.00597483284723141, 0.806666666666667, 0.369714619555102, 0.227997481880444
8,0.0511445550513648,-1.85,0.1,0, 2.1399369872924E-19,-0.37,-0.87923123788527, 0.8, 0, 0.371914619555102, 0, 0.549999999999997, 0, 0.1, 92.5286548887755, 0.00676385364801224, 0.795162297868777, 0.369714619555102, 0.227997481880444
9,0.0564186728646442,-9.43,0.03,0, 3.65383164748719E-19,-1.886,-1.0745992223872, 0.8, 0, 0.370114619555102, 0, 0.0999999999999943, 0, 0.03, 92.4586548887755, 0.00737406445570792, 0.804574963248869, 0.369714619555102, 0.227997481880444
10,0.0491642583939203,-20.74,0.66,0, 6.21796728370525E-19,-4.148,-1.67100639957021, 0.8, 0, 0.369834619555102, 0, 0.0300000000000011, 0, 0.66, 93.0886548887755, 0.00641422116595694, 0.806039155641327, 0.369714619555102, 0.227997481880444
11,0.029388535460574,-12.56,0.37,0, 1.05463136669761E-18,-2.512,-1.83420497195129, 0.8, 0, 0.372354619555102, 0, 0.659999999999997, 0, 0.37, 92.7986548887755, 0.00389790484826049, 0.792861424109199, 0.369714619555102, 0.227997481880444
12,0.0252076062943916,-1.26,0.93,0, 1.78281092561212E-18,-0.252,-1.52717101532577, 0.8, 0, 0.371194619555102, 0, 0.370000000000005, 0, 0.93, 93.3586548887755, 0.00331798858982274, 0.798927364020813, 0.369714619555102, 0.227997481880444
13,0.0332950211226091,-6.35,0.2,0, 3.00373933374429E-18,-1.27,-1.47726582872565, 0.8, 0, 0.373434619555102, 0, 0.930000000000007, 0, 0.2, 92.6286548887755, 0.00444771713934547, 0.787213824881144, 0.369714619555102, 0.227997481880444
14,0.035461224261018,-8.98,0,0, 5.04395900411366E-18,-1.796,-1.53911762128918, 0.8, 0, 0.370514619555102, 0, 0.200000000000003, 0, 0, 92.4286548887755, 0.00464695343809872, 0.80248325983107, 0.369714619555102, 0.227997481880444
15,0.0337568851710619,-8.97,0.07,0, 8.44176399077295E-18,-1.794,-1.58857868771043, 0.8, 0, 0.369714619555102, 0, 0, 0, 0.07, 92.4986548887755, 0.00440067030320934, 0.806666666666667, 0.369714619555102, 0.227997481880444
16,0.0322245599027474,-12.65,0.07,0, 1.40814447715633E-17,-2.53,-1.77126570708401, 0.8, 0, 0.369994619555102, 0, 0.0699999999999932, 0, 0.07, 92.4986548887755, 0.00420854980907436, 0.805202474274208, 0.369714619555102, 0.227997481880444
17,0.0270757328629491,-12.53,0.16,0, 2.34106556978338E-17,-2.506,-1.91384418523418, 0.8, 0, 0.369994619555102, 0, 0.0699999999999932, 0, 0.16, 92.5886548887755, 0.00353610943686457, 0.805202474274208, 0.369714619555102, 0.227997481880444
18,0.0233138761271684,-8.3,0.02,0, 3.8791117515805E-17,-1.66,-1.86458458490395, 0.8, 0, 0.370354619555102, 0, 0.159999999999997, 0, 0.02, 92.4486548887755, 0.00305194367498984, 0.80331994119819, 0.369714619555102, 0.227997481880444
19,0.0246504535587791,-10.67,0.01,0, 6.40624223402601E-17,-2.134,-1.91686585208441, 0.8, 0, 0.369794619555102, 0, 0.019999999999996, 0, 0.01, 92.4386548887755, 0.00321519017491334, 0.806248325983107, 0.369714619555102, 0.227997481880444
20,0.0233292011001162,-12.19,0.2,0, 1.05445189848832E-16,-2.438,-2.0179942660407, 0.8, 0, 0.369754619555102, 0, 0.0100000000000051, 0, 0.2, 92.6286548887755, 0.00304206830349791, 0.806457496324887, 0.369714619555102, 0.227997481880444
21,0.0207625527299442,-9.57,0.92,0, 1.72982648264045E-16,-1.914,-1.99781371324578, 0.8, 0, 0.370514619555102, 0, 0.200000000000003, 0, 0.92, 93.3486548887755, 0.00272079201445343, 0.80248325983107, 0.369714619555102, 0.227997481880444
22,0.02084224135339,-15.35,1.83,0, 2.82833378891062E-16,-3.07,-2.20587626120743, 0.8, 0, 0.373394619555102, 0, 0.920000000000002, 0, 1.83, 94.2586548887755, 0.00278347230652312, 0.787422995222924, 0.369714619555102, 0.227997481880444
23,0.0158667771470216,-22.03,1.38,0, 4.60904696912616E-16,-4.406,-2.6328201202917, 0.8, 0, 0.377034619555102, 0, 1.83, 0, 1.38, 93.8086548887755, 0.00217149306314069, 0.768388494120961, 0.369714619555102, 0.227997481880444
24,0.00853025003096713,-27.55,0.37,0, 7.48589890184395E-16,-5.51,-3.19114975396786, 0.8, 0, 0.375234619555102, 0, 1.38, 0, 0.37, 92.7986548887755, 0.00115330387760278, 0.777801159501053, 0.369714619555102, 0.227997481880444
25,0.0023085918077934,-22.45,0.48,0, 1.21179493537913E-15,-4.49,-3.44319745775648, 0.8, 0, 0.371194619555102, 0, 0.370000000000005, 0, 0.48, 92.9086548887755, 0.000303871822947385, 0.798927364020813, 0.369714619555102, 0.227997481880444
26,0.000753070435200055,-15.74,0.09,0, 1.95508957623478E-15,-3.148,-3.38591306979948, 0.8, 0, 0.371634619555102, 0, 0.480000000000004, 0, 0.09, 92.5186548887755, 9.94103107714486E-05, 0.796626490261236, 0.369714619555102, 0.227997481880444
27,0.0010415823245408,-13.62,2.75,0, 3.14381179594198E-15,-2.724,-3.25746587593683, 0.8, 0, 0.370074619555102, 0, 0.0900000000000034, 0, 2.75, 95.1786548887755, 0.000136102083374849, 0.804784133590648, 0.369714619555102, 0.227997481880444
28,0.00170461077423639,-9.65,0.1,0, 5.03847107587815E-15,-1.93,-2.99986518108401, 0.8, 0, 0.380714619555102, 0, 2.75, 0, 0.1, 92.5286548887755, 0.000239281996741416, 0.749144822677219, 0.369714619555102, 0.227997481880444
29,0.00408071223031951,-8.2,0.01,0, 8.04809978033588E-15,-1.64,-2.73597725605077, 0.800000000000001, 0, 0.370114619555102, 0, 0.0999999999999943, 0, 0.01, 92.4386548887755, 0.000533359497550837, 0.804574963248869, 0.369714619555102, 0.227997481880444
30,0.00732540321916325,-11.14,0.03,0, 1.28126890438738E-14,-2.228,-2.63740199585001, 0.800000000000001, 0, 0.369754619555102, 0, 0.0100000000000051, 0, 0.03, 92.4586548887755, 0.000955213890425381, 0.806457496324887, 0.369714619555102, 0.227997481880444
31,0.0087694669106495,-10.79,0.06,0, 2.03301026761112E-14,-2.158,-2.5443718927917, 0.800000000000002, 0, 0.369834619555102, 0, 0.0300000000000011, 0, 0.06, 92.4886548887755, 0.00114410960543245, 0.806039155641327, 0.369714619555102, 0.227997481880444
32,0.0102476337174782,-13.02,0.16,0, 3.21507574870348E-14,-2.604,-2.55594299388594, 0.800000000000003, 0, 0.369954619555102, 0, 0.0600000000000023, 0, 0.16, 92.5886548887755, 0.00133800047334033, 0.805411644615988, 0.369714619555102, 0.227997481880444
33,0.0100304858109406,-14.51,0.34,0, 5.06751681954449E-14,-2.902,-2.62309690484486, 0.800000000000004, 0, 0.370354619555102, 0, 0.159999999999997, 0, 0.34, 92.7686548887755, 0.00131305826456295, 0.80331994119819, 0.369714619555102, 0.227997481880444
34,0.00891810073519552,-14.63,0.33,0, 7.96070516982273E-14,-2.926,-2.68187660622887, 0.800000000000007, 0, 0.371074619555102, 0, 0.340000000000003, 0, 0.33, 92.7586548887755, 0.00117293697103532, 0.799554875046153, 0.369714619555102, 0.227997481880444
35,0.00803700604818866,-17.22,0.61,0, 1.24640801351918E-13,-3.444,-2.82977006199132, 0.800000000000011, 0, 0.371034619555102, 0, 0.329999999999998, 0, 0.61, 93.0386548887755, 0.00105677613403784, 0.799764045387933, 0.369714619555102, 0.227997481880444
36,0.00597389152854967,-17.96,0.05,0, 1.94500748510396E-13,-3.592,-2.97768419313995, 0.800000000000017, 0, 0.372154619555102, 0, 0.609999999999999, 0, 0.05, 92.4786548887755, 0.000791294465080858, 0.793907275818098, 0.369714619555102, 0.227997481880444
37,0.00432166906939458,-15.1,0.09,0, 3.02506473759653E-13,-3.02,-2.98589576486319, 0.800000000000026, 0, 0.369914619555102, 0, 0.0499999999999972, 0, 0.09, 92.5186548887755, 0.000564119882331191, 0.805620814957768, 0.369714619555102, 0.227997481880444
38,0.00422926172659645,-16.54,0.22,0, 4.6892179748164E-13,-3.308,-3.04840153340335, 0.80000000000004, 0, 0.370074619555102, 0, 0.0900000000000034, 0, 0.22, 92.6486548887755, 0.000552631624563194, 0.804784133590648, 0.369714619555102, 0.227997481880444
39,0.0035775460005728,-12.82,0.48,0, 7.24466854646193E-13,-2.564,-2.95440124770531, 0.800000000000062, 0, 0.370594619555102, 0, 0.219999999999999, 0, 0.48, 92.9086548887755, 0.000469057713956748, 0.802064919147511, 0.369714619555102, 0.227997481880444
40,0.00452504530681965,-13.8,0.3,0, 1.11554982405864E-12,-2.76,-2.91667681546423, 0.800000000000095, 0, 0.371634619555102, 0, 0.480000000000004, 0, 0.3, 92.7286548887755, 0.000597336104538915, 0.796626490261236, 0.369714619555102, 0.227997481880444
41,0.00497140836411243,-13.63,0.22,0, 1.71203159479255E-12,-2.726,-2.87967512596977, 0.800000000000146, 0, 0.370914619555102, 0, 0.299999999999997, 0, 0.22, 92.6486548887755, 0.000653171937386263, 0.800391556413272, 0.369714619555102, 0.227997481880444
42,0.00541798940544538,-4.95,0.2,0, 2.6187071255557E-12,-0.99,-2.51297520974618, 0.800000000000223, 0, 0.370594619555102, 0, 0.219999999999999, 0, 0.2, 92.6286548887755, 0.000710361159396189, 0.802064919147511, 0.369714619555102, 0.227997481880444
43,0.0107358476078354,1.08,0.09,0, 3.9922197283972E-12,1.20528631382754,-1.79142991846662, 0.800000000000339, 0, 0.370514619555102, 0, 0.200000000000003, 0, 0.09, 92.5186548887755, 0.00140686016886836, 0.80248325983107, 0.369714619555102, 0.227997481880444
44,0.0265210882013904,-0.83,0.11,0, 6.06588670749857E-12,-0.166,-1.47600796749881, 0.800000000000516, 0, 0.370074619555102, 0, 0.0900000000000034, 0, 0.11, 92.5386548887755, 0.00346547293721476, 0.804784133590648, 0.369714619555102, 0.227997481880444
45,0.0355832548493886,-1.49,0.28,0, 9.18600134618868E-12,-0.298,-1.24741024873992, 0.800000000000781, 0, 0.370154619555102, 0, 0.109999999999999, 0, 0.28, 92.7086548887755, 0.00465203159179338, 0.804365792907089, 0.369714619555102, 0.227997481880444
46,0.0428044828203768,-2.35,0.56,0, 1.38647188213497E-11,-0.47,-1.09655031034839, 0.800000000001179, 0, 0.370834619555102, 0, 0.280000000000001, 0, 0.56, 92.9886548887755, 0.005620958769003, 0.800809897096832, 0.369714619555102, 0.227997481880444
47,0.0477044144170201,-15.56,1.22,0, 2.08568145640938E-11,-3.112,-1.48765734360989, 0.800000000001773, 0, 0.371954619555102, 0, 0.560000000000002, 0, 1.22, 93.6486548887755, 0.00631055598925669, 0.794953127526997, 0.369714619555102, 0.227997481880444
48,0.0342075889669906,-11.61,0.76,0, 3.12706742191663E-11,-2.322,-1.64956527053023, 0.800000000002658, 0, 0.374594619555102, 0, 1.22, 0, 0.76, 93.1886548887755, 0.00460510759228266, 0.78114788496953, 0.369714619555102, 0.227997481880444
49,0.029910014933933,-7.61,0.22,0, 4.67281795470828E-11,-1.522,-1.62481065881243, 0.800000000003972, 0, 0.372754619555102, 0, 0.760000000000005, 0, 0.22, 92.6486548887755, 0.00397756399638356, 0.790769720691401, 0.369714619555102, 0.227997481880444
50,0.0310463475304816,-7.99,0.03,0, 6.95941653363088E-11,-1.598,-1.61960793046765, 0.800000000005916, 0, 0.370594619555102, 0, 0.219999999999999, 0, 0.03, 92.4586548887755, 0.00407053572393559, 0.802064919147511, 0.369714619555102, 0.227997481880444
51,0.031351001604695,-2.88,2.75,0, 1.03304478805553E-10,-0.576,-1.41709114046091, 0.800000000008781, 0, 0.369834619555102, 0, 0.0300000000000011, 0, 2.75, 95.1786548887755, 0.00409021237451742, 0.806039155641327, 0.369714619555102, 0.227997481880444
52,0.0348569879161307,-3.34,0.05,0, 1.52833241035738E-10,-0.668,-1.27172665178792, 0.800000000012991, 0, 0.380714619555102, 0, 2.75, 0, 0.05, 92.4786548887755, 0.00489299363527694, 0.749144822677219, 0.369714619555102, 0.227997481880444
53,0.0422386994740645,-3.78,0.66,0, 2.25355855416061E-10,-0.756,-1.17164758666209, 0.800000000019155, 0, 0.369914619555102, 0, 0.0499999999999972, 0, 0.66, 93.0886548887755, 0.00551353881903544, 0.805620814957768, 0.369714619555102, 0.227997481880444
54,0.0449531321527347,-2.27,0.16,0, 3.31186192540062E-10,-0.454,-1.03238486034609, 0.800000000028151, 0, 0.372354619555102, 0, 0.659999999999997, 0, 0.16, 92.5886548887755, 0.00596229206445854, 0.792861424109199, 0.369714619555102, 0.227997481880444
55,0.0505394465056789,0.95,0.18,0, 4.85096286024075E-10,1.06020555380551,-0.626308324248202, 0.800000000041233, 0, 0.370354619555102, 0, 0.159999999999997, 0, 0.18, 92.6086548887755, 0.00661595451820855, 0.80331994119819, 0.369714619555102, 0.227997481880444
56,0.0665473734892934,0.12,0.62,0, 7.08167560065297E-10,0.133920701531905,-0.47878247908911, 0.800000000060194, 0, 0.370434619555102, 0, 0.180000000000007, 0, 0.62, 93.0486548887755, 0.00871603916550741, 0.80290160051463, 0.369714619555102, 0.227997481880444
57,0.072083150290767,-3.52,6.23,0, 1.03037772000613E-09,-0.704,-0.522486947070077, 0.800000000087582, 0, 0.372194619555102, 0, 0.620000000000005, 0, 6.23, 98.6586548887755, 0.00955056340978406, 0.793698105476318, 0.369714619555102, 0.227997481880444
58,0.0598103344838775,-8.32,3.15,0, 1.49420175355892E-09,-1.664,-0.744002664259329, 0.800000000127007, 0, 0.394634619555102, 0, 6.23, 0, 3.15, 95.5786548887755, 0.00929935953253825, 0.676353543737845, 0.369714619555102, 0.227997481880444
59,0.0569011423704417,-8.37,1.65,0, 2.15960525670457E-09,-1.674,-0.924472809792368, 0.800000000183567, 0, 0.382314619555102, 0, 3.15000000000001, 0, 1.65, 94.0786548887755, 0.0080776211752082, 0.740778009006026, 0.369714619555102, 0.227997481880444
60,0.0524694377044902,-7.9,1.52,0, 3.11094162435562E-09,-1.58,-1.05168079507819, 0.80000000026443, 0, 0.376314619555102, 0, 1.65000000000001, 0, 1.52, 93.9486548887755, 0.00714584035208411, 0.772153560272998, 0.369714619555102, 0.227997481880444
61,0.0480674291001645,-7.7,1.32,0, 4.4664420072343E-09,-1.54,-1.14644132240608, 0.800000000379648, 0, 0.375794619555102, 0, 1.52, 0, 1.32, 93.7486548887755, 0.00652335584512573, 0.774872774716136, 0.369714619555102, 0.227997481880444
62,0.0450282333833339,-6.7,0.73,0, 6.39122178945062E-09,-1.34,-1.18400225010978, 0.800000000543254, 0, 0.374994619555102, 0, 1.31999999999999, 0, 0.73, 93.1586548887755, 0.00607808414171085, 0.779056181551732, 0.369714619555102, 0.227997481880444
63,0.0444460614400714,-9.55,0.48,0, 9.11503687333675E-09,-1.91,-1.32488536278913, 0.800000000774778, 0, 0.372634619555102, 0, 0.730000000000004, 0, 0.48, 92.9086548887755, 0.00590594411216089, 0.79139723171674, 0.369714619555102, 0.227997481880444
64,0.0400155165173222,-8.01,0.59,0, 1.29564290946268E-08,-1.602,-1.37866069837755, 0.800000001101297, 0, 0.371634619555102, 0, 0.480000000000004, 0, 0.59, 93.0186548887755, 0.00528231457076161, 0.796626490261236, 0.369714619555102, 0.227997481880444
65,0.038171195168438,-7.43,0.23,0, 1.83554301823751E-08,-1.486,-1.39949037024185, 0.800000001560212, 0, 0.372074619555102, 0, 0.590000000000003, 0, 0.23, 92.6586548887755, 0.00505344760451215, 0.794325616501658, 0.369714619555102, 0.227997481880444
66,0.0378674677793773,-7.82,2.56,0, 2.59176823886771E-08,-1.564,-1.43141420010379, 0.800000002203003, 0, 0.370634619555102, 0, 0.230000000000004, 0, 2.56, 94.9886548887755, 0.00496615871072851, 0.801855748805731, 0.369714619555102, 0.227997481880444
67,0.0346183713226096,-7.01,0.6,0, 3.64737243357051E-08,-1.402,-1.42570624294935, 0.800000003100267, 0, 0.379954619555102, 0, 2.56, 0, 0.6, 93.0286548887755, 0.00483385446690557, 0.753119059171035, 0.369714619555102, 0.227997481880444
68,0.0366805318779861,-1.88,0.12,0, 5.11583361380311E-08,-0.376,-1.22200604967, 0.800000004348459, 0, 0.372114619555102, 0, 0.599999999999994, 0, 0.12, 92.5486548887755, 0.004857379230643, 0.794116446159878, 0.369714619555102, 0.227997481880444
69,0.0438500205324808,-0.34,4.15,0, 7.15163041281395E-08,-0.068,-0.998066012898375, 0.800000006078886, 0, 0.370194619555102, 0, 0.120000000000005, 0, 4.15, 96.5786548887755, 0.00573429109429635, 0.804156622565309, 0.369714619555102, 0.227997481880444
70,0.0464271904416221,0.8,0.17,0, 9.96428327797606E-08,0.892804672674891,-0.631134098466676, 0.800000008469641, 0, 0.386314619555102, 0, 4.15000000000001, 0, 0.17, 92.5986548887755, 0.00678225868266748, 0.719860974828045, 0.369714619555102, 0.227997481880444
71,0.0663611517041768,0.69,0.01,0, 1.38369197011889E-07,0.770044028762614,-0.359229216964114, 0.800000011761382, 0, 0.370394619555102, 0, 0.170000000000002, 0, 0.01, 92.4386548887755, 0.00868938503435779, 0.80311077085641, 0.369714619555102, 0.227997481880444
72,0.0786429079234509,1.27,3.85,0, 1.91507209124202E-07,1.41732741167378,-0.0144804613599316, 0.800000016278113, 0, 0.369754619555102, 0, 0.0100000000000051, 0, 3.85, 96.2786548887755, 0.0102548345510058, 0.806457496324887, 0.369714619555102, 0.227997481880444
73,0.0858021088995925,-0.27,2.07,0, 2.64169811075125E-07,-0.054,-0.0221494044153321, 0.800000022454433, 0, 0.385114619555102, 0, 3.84999999999999, 0, 2.07, 94.4986548887755, 0.0124259762835904, 0.72613608508144, 0.369714619555102, 0.227997481880444
74,0.089834536730482,-1.49,0.32,0, 3.63189760353105E-07,-0.298,-0.0756794442567137, 0.800000030871129, 0, 0.377994619555102, 0, 2.06999999999999, 0, 0.32, 92.7486548887755, 0.012375413770516, 0.763368405918246, 0.369714619555102, 0.227997481880444
75,0.0914792723992607,-3.78,0.06,0, 4.97664150768082E-07,-0.756,-0.207698683301954, 0.800000042301451, 0, 0.370994619555102, 0, 0.319999999999993, 0, 0.06, 92.4886548887755, 0.0120253529697631, 0.799973215729713, 0.369714619555102, 0.227997481880444
76,0.0856533204880189,-3.53,0.27,0, 6.79659624153231E-07,-0.706,-0.3043962743044, 0.800000057771065, 0, 0.369954619555102, 0, 0.0600000000000023, 0, 0.27, 92.6986548887755, 0.0111834777194147, 0.805411644615988, 0.369714619555102, 0.227997481880444
77,0.0806368389131124,-5.56,0.21,0, 9.25121845284432E-07,-1.112,-0.461115370295356, 0.800000078635351, 0, 0.370794619555102, 0, 0.269999999999996, 0, 0.21, 92.6386548887755, 0.0105862273756084, 0.801019067438612, 0.369714619555102, 0.227997481880444
78,0.0736439729921133,-6.22,0.07,0, 1.25504342614012E-06,-1.244,-0.613037608215928, 0.80000010667868, 0, 0.370554619555102, 0, 0.209999999999994, 0, 0.07, 92.4986548887755, 0.00965306034597296, 0.802274089489291, 0.369714619555102, 0.227997481880444
79,0.0673009268118471,-5.38,4.4,0, 1.69695732930476E-06,-1.076,-0.702877509654761, 0.800000144241352, 0, 0.369994619555102, 0, 0.0699999999999932, 0, 4.4, 96.8286548887755, 0.00878954758542343, 0.805202474274208, 0.369714619555102, 0.227997481880444
80,0.0563899861418165,-8.2,1.13,0, 2.28683822207643E-06,-1.64,-0.884730261008695, 0.800000194381211, 0, 0.387314619555102, 0, 4.40000000000001, 0, 1.13, 93.5586548887755, 0.00829793977450694, 0.71463171628355, 0.369714619555102, 0.227997481880444
81,0.0546999371933659,-8,0.43,0, 3.07151269412211E-06,-1.6,-1.02353149139857, 0.800000261078511, 0, 0.374234619555102, 0, 1.13, 0, 0.43, 92.8586548887755, 0.00734613274617354, 0.783030418045548, 0.369714619555102, 0.227997481880444
82,0.050508065661272,-7.42,1.99,0, 4.11170112192245E-06,-1.484,-1.11288741140083, 0.800000349494473, 0, 0.371434619555102, 0, 0.430000000000007, 0, 1.99, 94.4186548887755, 0.00665865908277691, 0.797672341970134, 0.369714619555102, 0.227997481880444
83,0.045352160126135,-7.47,2.01,0, 5.48583971223878E-06,-1.494,-1.18684395418978, 0.800000466296158, 0, 0.377674619555102, 0, 1.98999999999999, 0, 2.01, 94.4386548887755, 0.00623395134002253, 0.765041768652485, 0.369714619555102, 0.227997481880444
84,0.0428484420752541,-6.23,0.08,0, 7.29486134169596E-06,-1.246,-1.19832343709562, 0.80000062006283, 0, 0.377754619555102, 0, 2.01000000000001, 0, 0.08, 92.5086548887755, 0.00589302132763953, 0.764623427968924, 0.369714619555102, 0.227997481880444
85,0.0447122025734355,-1.83,0.01,0, 9.66814867866953E-06,-0.366,-1.03680758295054, 0.800000821791962, 0, 0.370034619555102, 0, 0.0799999999999983, 0, 0.01, 92.4386548887755, 0.0058409619057119, 0.804993303932428, 0.369714619555102, 0.227997481880444
86,0.0505736336777113,1.44,0,0, 1.27709131443802E-05,1.60704744152172,-0.523756664595903, 0.800001085526439, 0, 0.369754619555102, 0, 0.0100000000000051, 0, 0, 92.4286548887755, 0.00659467280270106, 0.806457496324887, 0.369714619555102, 0.227997481880444
87,0.0712784007298426,0.31,0.49,0, 1.68132989006467E-05,0.345961535425455,-0.354984380738517, 0.800001429128364, 0, 0.369714619555102, 0, 0, 0, 0.49, 92.9186548887755, 0.00929211151332675, 0.806666666666667, 0.369714619555102, 0.227997481880444
88,0.0778566908677851,1.94,0,0, 2.20615625061999E-05,2.16504906792761,0.13403777114448, 0.800001875229297, 0, 0.371674619555102, 0, 0.489999999999995, 0, 0, 92.4286548887755, 0.0102803008006962, 0.796417319919456, 0.369714619555102, 0.227997481880444
89,0.102985069893439,1.05,1.84,0, 2.88517362894749E-05,1.17180452915998,0.33542018395869, 0.80000245239157, 0, 0.369714619555102, 0, 0, 0, 1.84, 94.2686548887755, 0.013425508202472, 0.806666666666667, 0.369714619555102, 0.227997481880444
90,0.108422923193689,1.16,1.11,0, 3.76062467846904E-05,1.29456446418421,0.521545374663345, 0.800003196520759, 0, 0.377074619555102, 0, 1.84, 0, 1.11, 93.5386548887755, 0.0148425689811014, 0.768179323779181, 0.369714619555102, 0.227997481880444
91,0.120806345214038,4.32,0,0, 4.88540284672847E-05,4.82113404405962,1.35589368634852, 0.800004152575176, 0, 0.374154619555102, 0, 1.11, 0, 0, 92.4286548887755, 0.016215476916852, 0.783448758729108, 0.369714619555102, 0.227997481880444
92,0.1773194166034,2.35,0.38,0, 6.32547468932491E-05,2.62260584200681,1.6017025175553, 0.800005376624578, 0, 0.369714619555102, 0, 0, 0, 0.38, 92.8086548887755, 0.0231160039462978, 0.806666666666667, 0.369714619555102, 0.227997481880444
93,0.192780492199667,3.23,0.73,0, 8.16278232037666E-05,3.60468487720564,1.99038545049814, 0.800006938316832, 0, 0.371234619555102, 0, 0.379999999999995, 0, 0.73, 93.1586548887755, 0.0253816636708085, 0.798718193679034, 0.369714619555102, 0.227997481880444
94,0.219600996836244,3.8,0.11,0, 0.000104987032355441,4.24080102266719,2.42708178777917, 0.800008923818115, 0, 0.372634619555102, 0, 0.730000000000004, 0, 0.11, 92.5386548887755, 0.0291803406706445, 0.79139723171674, 0.369714619555102, 0.227997481880444
95,0.258260900566667,5.15,0,0, 0.000134581528396999,5.74739328990129,3.07139008927448, 0.800011439299054, 0, 0.370154619555102, 0, 0.109999999999999, 0, 0, 92.4286548887755, 0.0337641363457729, 0.804365792907089, 0.369714619555102, 0.227997481880444
96,0.315559771998712,7.3,1.38,0, 0.000171944229043695,8.14677600043966,4.05626604045492, 0.800014615045865, 0, 0.369714619555102, 0, 0, 0, 1.38, 93.8086548887755, 0.0411375193678321, 0.806666666666667, 0.369714619555102, 0.227997481880444
97,0.39803115055389,5.62,6.98,0, 0.000218948565423814,6.27188749159823,4.48620317963748, 0.80001861028171, 0, 0.375234619555102, 0, 1.38, 0, 6.98, 99.4086548887755, 0.0538144682364548, 0.777801159501053, 0.369714619555102, 0.227997481880444
98,0.376204588740372,-0.77,0.37,0, 0.000277874667162308,-0.154,3.58578851460981, 0.800023618788844, 0, 0.397634619555102, 0, 6.98, 0, 0.37, 92.7986548887755, 0.0598815262753077, 0.660665768104359, 0.369714619555102, 0.227997481880444
99,0.361223435784409,-3.02,0.05,0, 0.000351486103102337,-0.604,2.77278416529307, 0.800029875426187, 0, 0.371194619555102, 0, 0.370000000000005, 0, 0.05, 92.4786548887755, 0.0475465708370691, 0.798927364020813, 0.369714619555102, 0.227997481880444
100,0.288278688525448,-3.8,4.1,0, 0.000443118328301491,-0.76,2.08727715119135, 0.800037663639285, 0, 0.369914619555102, 0, 0.0499999999999972, 0, 4.1, 96.5286548887755, 0.0376298456078562, 0.805620814957768, 0.369714619555102, 0.227997481880444
101,0.206815210741902,-3.67,0.25,0, 0.0005567799920115,-0.734,1.53984141429893, 0.800047324059613, 0, 0.386114619555102, 0, 4.09999999999999, 0, 0.25, 92.6786548887755, 0.0301685138231991, 0.720906826536944, 0.369714619555102, 0.227997481880444
102,0.189015367083231,-1.47,0.07,0, 0.000697268231917126,-0.294,1.18401349780361, 0.80005926428718, 0, 0.370714619555102, 0, 0.25, 0, 0.07, 92.4986548887755, 0.0248015076424316, 0.801437408122171, 0.369714619555102, 0.227997481880444
103,0.16534883536431,3.22,0,0, 0.000870299009040761,3.59338997853306,1.65150275575933, 0.800073969943676, 0, 0.369994619555102, 0, 0.0699999999999932, 0, 0, 92.4286548887755, 0.0215946722500872, 0.805202474274208, 0.369714619555102, 0.227997481880444
104,0.198318967079197,4.19,0.06,0, 0.00108265341693636,4.67582355936292,2.23829044341557, 0.800092017072259, 0, 0.369714619555102, 0, 0, 0, 0.06, 92.4886548887755, 0.0258535817083245, 0.806666666666667, 0.369714619555102, 0.227997481880444
105,0.243105241417184,5.78,0.84,0, 0.0013423407192795,6.45010172096105,3.05544672165386, 0.800114085943556, 0, 0.369954619555102, 0, 0.0600000000000023, 0, 0.84, 93.2686548887755, 0.0317414670601394, 0.805411644615988, 0.369714619555102, 0.227997481880444
106,0.307251474801077,5.75,0.03,0, 0.0016587786228199,6.41652707455103,3.70751714179327, 0.800140976304885, 0, 0.373074619555102, 0, 0.840000000000003, 0, 0.03, 92.4586548887755, 0.040946285918399, 0.789096357957162, 0.369714619555102, 0.227997481880444
107,0.37658405784976,8.75,0,0, 0.00204299096928487,9.76410184839398,4.88246439671007, 0.800173624080088, 0, 0.369834619555102, 0, 0.0300000000000011, 0, 0, 92.4286548887755, 0.0491310865561757, 0.806039155641327, 0.369714619555102, 0.227997481880444
108,0.504437272336578,10.6,0,0, 0.00250782262229059,11.8282504010901,6.22981832558168, 0.800213119490067, 0, 0.369714619555102, 0, 0, 0, 0, 92.4286548887755, 0.0657602771391503, 0.806666666666667, 0.369714619555102, 0.227997481880444
109,0.673560536047174,9.51,0.29,0, 0.0030681708269051,10.6116663512975,7.07974430002437, 0.800260726518329, 0, 0.369714619555102, 0, 0, 0, 0.29, 92.7186548887755, 0.0878078007901497, 0.806666666666667, 0.369714619555102, 0.227997481880444
110,0.78683797376446,10.62,0.14,0, 0.0037412317252366,11.8498727170436,8.00488974681762, 0.800317903591094, 0, 0.370874619555102, 0, 0.290000000000006, 0, 0.14, 92.5686548887755, 0.103352243578948, 0.800600726755052, 0.369714619555102, 0.227997481880444
111,0.93024176471589,12.17,1.88,0, 0.00454676001868397,13.5788538355588,9.08580497606981, 0.800386325277446, 0, 0.370274619555102, 0, 0.140000000000001, 0, 1.88, 94.3086548887755, 0.121711539916318, 0.803738281881749, 0.369714619555102, 0.227997481880444
112,1.05850616856448,9.22,0.24,0, 0.00550733897669797,10.2868788722921,9.31868627861187, 0.800467904741489, 0, 0.377234619555102, 0, 1.88, 0, 0.24, 92.6686548887755, 0.145062326181094, 0.767342642412062, 0.369714619555102, 0.227997481880444
113,1.14622151662017,10.65,0,0, 0.00664865710717723,11.8817047959571,9.81555571940398, 0.800564816595871, 0, 0.370674619555102, 0, 0.239999999999995, 0, 0, 92.4286548887755, 0.150361341176981, 0.801646578463951, 0.369714619555102, 0.227997481880444
114,1.24256229662163,10.35,3.26,0, 0.0079997868334417,11.5462677587858,10.1510053667114, 0.800679519715018, 0, 0.369714619555102, 0, 0, 0, 3.26, 95.6886548887755, 0.161984939395947, 0.806666666666667, 0.369714619555102, 0.227997481880444
115,1.19435134886522,3.81,7.28,0, 0.0095934594805539,4.2500435893134,9.00754396867378, 0.800814779468177, 0, 0.382754619555102, 0, 3.26000000000001, 0, 7.28, 99.7086548887755, 0.170077016405865, 0.738477135246448, 0.369714619555102, 0.227997481880444
116,0.891746683385721,1.11,0.32,0, 0.0114663297785845,1.23809161279954,7.50243789747493, 0.800973688728805, 0, 0.398834619555102, 0, 7.28, 0, 0.32, 92.7486548887755, 0.143302903395359, 0.654390657850964, 0.369714619555102, 0.227997481880444
117,0.848616519962316,1.48,0.02,0, 0.0136592219671684,1.65061710276612,6.36919015263882, 0.801159686910345, 0, 0.370994619555102, 0, 0.319999999999993, 0, 0.02, 92.4486548887755, 0.111554376427259, 0.799973215729713, 0.369714619555102, 0.227997481880444
118,0.69208866563725,3.68,0,0, 0.0162173484654686,4.10373942092936,5.93063742118329, 0.80137657617233, 0, 0.369794619555102, 0, 0.019999999999996, 0, 0, 92.4286548887755, 0.0902700095403834, 0.806248325983107, 0.369714619555102, 0.227997481880444
119,0.633898494835882,6.2,4.48,0, 0.0191904909917466,6.91293511767926,6.12070876327528, 0.801628533838968, 0, 0.369714619555102, 0, 0, 0, 4.48, 96.9086548887755, 0.0826373128722413, 0.806666666666667, 0.369714619555102, 0.227997481880444
120,0.582407374205447,3.23,3.64,0, 0.0226331330203589,3.60082943696,5.63337220586005, 0.801920119979771, 0, 0.387634619555102, 0, 4.48, 0, 3.64, 96.0686548887755, 0.0859039790564833, 0.712958353549311, 0.369714619555102, 0.227997481880444
121,0.539458268866789,5.04,0.47,0, 0.0266045315997758,5.61757675533533,5.63031923575499, 0.802256279023922, 0, 0.384274619555102, 0, 3.64, 0, 0.47, 92.8986548887755, 0.0776553124946836, 0.730528662258816, 0.369714619555102, 0.227997481880444
122,0.588040999651635,5.53,0.22,0, 0.0311687158762451,6.16240159490028,5.73309058648279, 0.802642334223301, 0, 0.371594619555102, 0, 0.469999999999999, 0, 0.22, 92.6486548887755, 0.0776049499046879, 0.796835660603016, 0.369714619555102, 0.227997481880444
123,0.604899071807031,6.69,0.29,0, 0.0363943992303213,7.45322010030189,6.06507212157579, 0.80308397375021, 0, 0.370594619555102, 0, 0.219999999999999, 0, 0.29, 92.7186548887755, 0.079309273941114, 0.802064919147511, 0.369714619555102, 0.227997481880444
124,0.646671790119289,8.91,1.55,0, 0.0423547917955382,9.92370013748032,6.80911404993952, 0.803587227222178, 0, 0.370874619555102, 0, 0.290000000000006, 0, 1.55, 93.9786548887755, 0.0849412237290545, 0.800600726755052, 0.369714619555102, 0.227997481880444
125,0.723482351032383,7.65,11.25,0, 0.0491273003474865,8.51763636601155,7.13822623562599, 0.804158431495105, 0, 0.375914619555102, 0, 1.55, 0, 11.25, 103.678654888776, 0.0982652495307345, 0.774245263690796, 0.369714619555102, 0.227997481880444
126,0.567592393041561,9.96,0.31,0, 0.0567931031821364,11.0856407513154,7.89774176561432, 0.80480418466455, 0, 0.414714619555102, 0, 11.25, 0, 0.31, 92.7386548887755, 0.104468386614316, 0.57135003216438, 0.369714619555102, 0.227997481880444
127,0.909362108535453,10.84,0.84,0, 0.0654365886936818,12.0602140723246,8.6975985061324, 0.80553128736947, 0, 0.370954619555102, 0, 0.310000000000002, 0, 0.84, 93.2686548887755, 0.119508403331743, 0.800182386071492, 0.369714619555102, 0.227997481880444
128,1.0238166435176,7.4,2.1,0, 0.0751446479554408,8.22925608969946,8.60773322841381, 0.806346670708367, 0, 0.373074619555102, 0, 0.840000000000003, 0, 2.1, 94.5286548887755, 0.136440318278792, 0.789096357957162, 0.369714619555102, 0.227997481880444
129,0.975418195089597,3.88,1.21,0, 0.0860058137321318,4.31261749501082,7.78493043528769, 0.80725731035772, 0, 0.378114619555102, 0, 2.09999999999999, 0, 1.21, 93.6386548887755, 0.13448207390273, 0.762740894892907, 0.369714619555102, 0.227997481880444
130,0.870894844496562,4.33,0,0, 0.0981092410236235,4.81008901636465,7.21608243125603, 0.808270126827577, 0, 0.374554619555102, 0, 1.20999999999999, 0, 0, 92.4286548887755, 0.117210564907192, 0.78135705531131, 0.369714619555102, 0.227997481880444
131,0.812830922363229,7.08,0,0, 0.111543527457374,7.86010943634794,7.33898510525323, 0.809391872196792, 0, 0.369714619555102, 0, 0, 0, 0, 92.4286548887755, 0.105963594788079, 0.806666666666667, 0.369714619555102, 0.227997481880444
132,0.831102407345306,8.13,0.02,0, 0.12639537558794,9.01962899974589,7.65899650120883, 0.810629004134445, 0, 0.369714619555102, 0, 0, 0, 0.02, 92.4486548887755, 0.108345532012106, 0.806666666666667, 0.369714619555102, 0.227997481880444
133,0.879173951831843,5.04,2.19,0, 0.14274810338408,5.5873106705636,7.2654932246225, 0.811987548524201, 0, 0.369794619555102, 0, 0.019999999999996, 0, 2.19, 94.6186548887755, 0.114671782619706, 0.806248325983107, 0.369714619555102, 0.227997481880444
134,0.773578119199333,3.25,0.26,0, 0.160680013820724,3.59997933966293,6.57112287652935, 0.813472952549888, 0, 0.378474619555102, 0, 2.19, 0, 0.26, 92.6886548887755, 0.106918027188061, 0.760858361816888, 0.369714619555102, 0.227997481880444
135,0.715420378953633,6.8,0.7,0, 0.180262639454162,7.52556619245689,6.75139590088831, 0.815089930654229, 0, 0.370754619555102, 0, 0.260000000000005, 0, 0.7, 93.1286548887755, 0.0938978477083889, 0.801228237780391, 0.369714619555102, 0.227997481880444
136,0.732050024873568,8.24,2.11,0, 0.201558883029998,9.11044604602008,7.19554670249795, 0.816842306324927, 0, 0.372514619555102, 0, 0.700000000000003, 0, 2.11, 94.5386548887755, 0.0971969390112519, 0.79202474274208, 0.369714619555102, 0.227997481880444
137,0.765491500829466,9.46,0.05,0, 0.224621080418094,10.4484971620721,7.80588182014207, 0.818732853166523, 0, 0.378154619555102, 0, 2.11, 0, 0.05, 92.4786548887755, 0.105568179834896, 0.762531724551127, 0.369714619555102, 0.227997481880444
138,0.90119546831999,9.86,0.52,0, 0.249489017329939,10.8782202083697,8.38018332739968, 0.82076313915338, 0, 0.369914619555102, 0, 0.0499999999999972, 0, 0.52, 92.9486548887755, 0.117635634145697, 0.805620814957768, 0.369714619555102, 0.227997481880444
139,0.980638071869188,9.19,1.05,0, 0.276187936177947,10.1270480639352,8.7054135585048, 0.822933378298992, 0, 0.371794619555102, 0, 0.519999999999996, 0, 1.05, 93.4786548887755, 0.129586856334679, 0.795789808894117, 0.369714619555102, 0.227997481880444
140,1.01939322195446,11.2,1.43,0, 0.304726573897458,12.3265229796977,9.37670970199191, 0.825242294190821, 0, 0.373914619555102, 0, 1.05, 0, 1.43, 93.8586548887755, 0.136611284215049, 0.784703780779787, 0.369714619555102, 0.227997481880444
141,1.12049247999851,10.9,0.14,0, 0.335095275378579,11.980474913524,9.85721256547479, 0.827686999902558, 0, 0.375434619555102, 0, 1.43000000000001, 0, 0.14, 92.5686548887755, 0.151696406853744, 0.776755307792153, 0.369714619555102, 0.227997481880444
142,1.24564992502572,11.82,0.5,0, 0.367264230154671,12.9736189844174,10.4295506296159, 0.830262898687065, 0, 0.370274619555102, 0, 0.140000000000001, 0, 0.5, 92.9286548887755, 0.162979105348844, 0.803738281881749, 0.369714619555102, 0.227997481880444
143,1.33973048031416,7.85,1.68,0, 0.401181881983319,8.60364376063555,10.095918686326, 0.832963609561099, 0, 0.371714619555102, 0, 0.5, 0, 1.68, 94.1086548887755, 0.176946263843903, 0.796208149577676, 0.369714619555102, 0.227997481880444
144,1.23795317589039,13.39,0.28,0, 0.436773561765422,14.6533746415884,10.9242286630648, 0.835780921414206, 0, 0.376434619555102, 0, 1.68000000000001, 0, 0.28, 92.7086548887755, 0.168734621602964, 0.771526049247658, 0.369714619555102, 0.227997481880444
145,1.44292600149043,16.63,0.49,0, 0.47394039373403,18.1706935927983,12.2339394497994, 0.838704778617178, 0, 0.370834619555102, 0, 0.280000000000001, 0, 0.49, 92.9186548887755, 0.189480797960699, 0.800809897096832, 0.369714619555102, 0.227997481880444
146,1.70202992835717,11.72,3.92,0, 0.512558522893536,12.785271807236,12.3330105407433, 0.841723300289307, 0, 0.371674619555102, 0, 0.489999999999995, 0, 3.92, 96.3486548887755, 0.224738290829915, 0.796417319919456, 0.369714619555102, 0.227997481880444
147,1.56792372429267,14.15,0,0, 0.55247870822778,15.4108372757537,12.8827755106867, 0.844822834439047, 0, 0.385394619555102, 0, 3.92, 0, 0, 92.4286548887755, 0.227527603195427, 0.724671892688981, 0.369714619555102, 0.227997481880444
148,1.8664610442654,17.33,0,0, 0.593526321194043,18.8427335723374,13.9408155114195, 0.847988047159848, 0, 0.369714619555102, 0, 0, 0, 0, 92.4286548887755, 0.243318648861508, 0.806666666666667, 0.369714619555102, 0.227997481880444
149,2.11101661661113,18.45,0,0, 0.635501782500902,20.0267021139968,15.0144297995697, 0.851202045989914, 0, 0.369714619555102, 0, 0, 0, 0, 92.4286548887755, 0.275199802565487, 0.806666666666667, 0.369714619555102, 0.227997481880444
150,2.37455674222636,14.62,0,0, 0.678181462208078,15.8425341422978,15.1595838491357, 0.854446535484147, 0, 0.369714619555102, 0, 0, 0, 0, 92.4286548887755, 0.309555851668418, 0.806666666666667, 0.369714619555102, 0.227997481880444
151,2.41137696417123,14.15,0.72,0, 0.721319058917953,15.3073120148371,15.1853113283862, 0.857702002052328, 0, 0.369714619555102, 0, 0, 0, 0.72, 93.1486548887755, 0.314355869692867, 0.806666666666667, 0.369714619555102, 0.227997481880444
152,2.37279043304657,11.03,1.89,0, 0.764647463439105,11.9121152079566,14.6189633351891, 0.860947924240656, 0, 0.372594619555102, 0, 0.719999999999999, 0, 1.89, 94.3186548887755, 0.315210490074752, 0.79160640205852, 0.369714619555102, 0.227997481880444
153,2.1641520611069,9.44,0.03,0, 0.807881101032009,10.1780984915524,13.855545196624, 0.864163003918498, 0, 0.377274619555102, 0, 1.89, 0, 0.03, 92.4586548887755, 0.296665755089293, 0.767133472070282, 0.369714619555102, 0.227997481880444
154,2.08912320022205,8.56,0.02,0, 0.85071873448321,9.21435359167761,13.0627996800647, 0.867325413313036, 0, 0.369834619555102, 0, 0.0300000000000011, 0, 0.02, 92.4486548887755, 0.272557721542141, 0.806039155641327, 0.369714619555102, 0.227997481880444
155,1.90602031333603,10.29,0.94,0, 0.892846698123511,11.0591779202722,12.722723945538, 0.870413052533315, 0, 0.369794619555102, 0, 0.019999999999996, 0, 0.94, 93.3686548887755, 0.248604666441958, 0.806248325983107, 0.369714619555102, 0.227997481880444
156,1.78615318711833,12.69,0.87,0, 0.9339425208647,13.6178957829557,12.8737281926804, 0.873403812149701, 0, 0.373474619555102, 0, 0.939999999999998, 0, 0.87, 93.2986548887755, 0.238666783066616, 0.787004654539365, 0.369714619555102, 0.227997481880444
157,1.82237443862195,14.62,3.39,0, 0.973678884752832,15.6662743694979,13.3419962380452, 0.876275835538227, 0, 0.373194619555102, 0, 0.870000000000005, 0, 3.39, 95.8186548887755, 0.243054493162562, 0.788468846931823, 0.369714619555102, 0.227997481880444
158,1.7975205862573,14.58,0.09,0, 1.01172785480448,15.6019623297158,13.7188018945736, 0.879007776041082, 0, 0.383274619555102, 0, 3.39, 0, 0.09, 92.5186548887755, 0.256915025317614, 0.735757920803311, 0.369714619555102, 0.227997481880444
159,2.05364875729185,16.36,0.27,0, 1.04776530637708,17.4842015700787,14.3432249665015, 0.881579044502284, 0, 0.370074619555102, 0, 0.0900000000000034, 0, 0.27, 92.6986548887755, 0.268347367080001, 0.804784133590648, 0.369714619555102, 0.227997481880444
160,2.19252194608566,16.04,0.68,0, 1.08147546837428,17.1217814740447,14.8016740127196, 0.883970043369929, 0, 0.370794619555102, 0, 0.269999999999996, 0, 0.68, 93.1086548887755, 0.287840348904101, 0.801019067438612, 0.369714619555102, 0.227997481880444
161,2.28017345154148,16.12,1.17,0, 1.11255549451348,17.1884414192032,15.193648008384, 0.886162384266226, 0, 0.372434619555102, 0, 0.680000000000007, 0, 1.17, 93.5986548887755, 0.302587081872868, 0.792443083425639, 0.369714619555102, 0.227997481880444
162,2.34663824853668,13.3,0.01,0, 1.14071997094721,14.1676547629472,15.0258615498012, 0.888139086664856, 0, 0.374394619555102, 0, 1.17, 0, 0.01, 92.4386548887755, 0.315487668392785, 0.782193736678429, 0.369714619555102, 0.227997481880444
163,2.3768298019417,13.3,0.31,0, 1.16570526693117,14.1554495934027,14.8840506516411, 0.889884756034813, 0, 0.369754619555102, 0, 0.0100000000000051, 0, 0.31, 92.7386548887755, 0.309932542150363, 0.806457496324887, 0.369714619555102, 0.227997481880444
164,2.32290221544696,14.37,1,0, 1.18727363609828,15.2829723070468,14.9488345858788, 0.891385740468446, 0, 0.370954619555102, 0, 0.310000000000002, 0, 1, 93.4286548887755, 0.305275898630663, 0.800182386071492, 0.369714619555102, 0.227997481880444
165,2.29686688602312,16.83,0.31,0, 1.20521697927717,17.8883240968476,15.4249176326402, 0.892630265374477, 0, 0.373714619555102, 0, 1, 0, 0.31, 92.7386548887755, 0.307398835134255, 0.785749632488686, 0.369714619555102, 0.227997481880444
166,2.45948408776718,18.27,0.48,0, 1.21936018565233,19.4095630268159,16.0689076459019, 0.893608546259508, 0, 0.370954619555102, 0, 0.310000000000002, 0, 0.48, 92.9086548887755, 0.323225493552027, 0.800182386071492, 0.369714619555102, 0.227997481880444
167,2.61552031799815,17.4,0.25,0, 1.22956397728157,18.4789240672912,16.4578137310374, 0.894312879929964, 0, 0.371634619555102, 0, 0.480000000000004, 0, 0.25, 92.6786548887755, 0.345266093963923, 0.796626490261236, 0.369714619555102, 0.227997481880444
168,2.73543834559624,18.15,0.07,0, 1.23572719236566,19.271423964155,16.9114284874588, 0.89473771461779, 0, 0.370714619555102, 0, 0.25, 0, 0.07, 92.4986548887755, 0.358928462170123, 0.801437408122171, 0.369714619555102, 0.227997481880444
169,2.87287137171615,13.23,27.49,0, 1.23778845492793,14.0464594685783,16.4496763761125, 0.894879699575582, 0, 0.369994619555102, 0, 0.0699999999999932, 0, 27.49, 119.918654888776, 0.375198987958882, 0.805202474274208, 0.369714619555102, 0.227997481880444
170,0.790049267665828,9.53,33.69,0, 1.23572719236566,10.1188248142368,15.4290063290044, 0.89473771461779, 0, 0.479674619555102, 0, 27.49, 0, 33.69, 126.118654888776, 0.358639879506482, 0.231657397113967, 0.369714619555102, 0.227997481880444
171,0.313559493239824,11.1,10.97,0, 1.22956397728157,11.7882791463754,14.8414995622138, 0.894312879929964, 0, 0.504474619555102, 0, 33.69, 0, 10.97, 103.398654888776, 0.323363136587604, 0.101971785210485, 0.369714619555102, 0.227997481880444
172,1.66798013683457,12.67,3.63,0, 1.21936018565233,13.4602716776003,14.618268414712, 0.893608546259508, 0, 0.413594619555102, 0, 10.97, 0, 3.63, 96.0586548887755, 0.303885523632987, 0.577206801734214, 0.369714619555102, 0.227997481880444
173,2.06132099140886,12,1.06,0, 1.20521697927717,12.7545982865224,14.316426292304, 0.892630265374477, 0, 0.384234619555102, 0, 3.63, 0, 1.06, 93.4886548887755, 0.296643345651211, 0.730737832600596, 0.369714619555102, 0.227997481880444
174,2.14094609583883,13.45,0.43,0, 1.18727363609828,14.3045217487668,14.3144930225625, 0.891385740468446, 0, 0.373954619555102, 0, 1.06, 0, 0.43, 92.8586548887755, 0.286989723629469, 0.784494610438007, 0.369714619555102, 0.227997481880444
175,2.17644403773653,15.67,33.24,0, 1.16570526693117,16.677886851776,14.6995463288308, 0.889884756034813, 0, 0.371434619555102, 0, 0.430000000000007, 0, 33.24, 125.668654888776, 0.286928407775912, 0.797672341970134, 0.369714619555102, 0.227997481880444
176,0.316983976586088,9.66,16.05,0, 1.14071997094721,10.2901913541406,13.9784596558646, 0.888139086664856, 0, 0.502674619555102, 0, 33.24, 0, 16.05, 108.478654888776, 0.299270093815172, 0.111384450590576, 0.369714619555102, 0.227997481880444
177,1.23769581418748,12.22,0.38,0, 1.11255549451348,13.0299475274605,13.8226874227192, 0.886162384266226, 0, 0.433914619555102, 0, 16.05, 0, 0.38, 92.8086548887755, 0.276370252601789, 0.470948268110071, 0.369714619555102, 0.227997481880444
178,2.06244161691989,13.38,3.93,0, 1.08147546837428,14.2823837981744,13.8985352107002, 0.883970043369929, 0, 0.371234619555102, 0, 0.379999999999995, 0, 3.93, 96.3586548887755, 0.271543032513482, 0.798718193679034, 0.369714619555102, 0.227997481880444
179,1.88685588757681,16.4,2.01,0, 1.04776530637708,17.5269502291742,14.5002418679785, 0.881579044502284, 0, 0.385434619555102, 0, 3.93000000000001, 0, 2.01, 94.4386548887755, 0.273888164313972, 0.724462722347201, 0.369714619555102, 0.227997481880444
180,2.12932330794715,17.76,0,0, 1.01172785480448,19.0048594633575,15.2512997695513, 0.879007776041082, 0, 0.377754619555102, 0, 2.01000000000001, 0, 0, 92.4286548887755, 0.2928495660387, 0.764623427968924, 0.369714619555102, 0.227997481880444
181,2.43478794858592,15.58,10.26,0, 0.973678884752832,16.6949763800805,15.493382650817, 0.876275835538227, 0, 0.369714619555102, 0, 0, 0, 10.26, 102.688654888776, 0.317407810752019, 0.806666666666667, 0.369714619555102, 0.227997481880444
182,1.83277941071002,15.19,3.8,0, 0.9339425208647,16.3006963706144,15.6295663368649, 0.873403812149701, 0, 0.410754619555102, 0, 10.26, 0, 3.8, 96.2286548887755, 0.325534181930877, 0.592057896000581, 0.369714619555102, 0.227997481880444
183,2.28299457182031,14.62,4.31,0, 0.892846698123511,15.7128455971215,15.6437013678228, 0.870413052533315, 0, 0.384914619555102, 0, 3.8, 0, 4.31, 96.7386548887755, 0.330150815121035, 0.727181936790339, 0.369714619555102, 0.227997481880444
184,2.2527808640216,16.94,2.17,0, 0.85071873448321,18.2349474115676,16.0863029361983, 0.867325413313036, 0, 0.386954619555102, 0, 4.31, 0, 2.17, 94.5986548887755, 0.33063185536402, 0.716514249359568, 0.369714619555102, 0.227997481880444
185,2.50384118391956,17.06,2.17,0, 0.807881101032009,18.3938940959622,16.4829952494716, 0.864163003918498, 0, 0.378394619555102, 0, 2.17, 0, 2.17, 94.5986548887755, 0.345871531384249, 0.761276702500448, 0.369714619555102, 0.227997481880444
186,2.60483342765844,18.09,0.54,0, 0.764647463439105,19.536732920393,17.0113712275813, 0.860947924240656, 0, 0.378394619555102, 0, 2.17, 0, 0.54, 92.9686548887755, 0.359822233299462, 0.761276702500448, 0.369714619555102, 0.227997481880444
187,2.86527562615011,16.73,13.74,0, 0.721319058917953,18.0983272090619,17.2006691676659, 0.857702002052328, 0, 0.371874619555102, 0, 0.540000000000006, 0, 13.74, 106.168654888776, 0.378832277607146, 0.795371468210557, 0.369714619555102, 0.227997481880444
188,1.9048430897351,17.13,2.84,0, 0.678181462208078,18.5624220148811,17.4393636534721, 0.854446535484147, 0, 0.424674619555102, 0, 13.74, 0, 2.84, 95.2686548887755, 0.385761943354297, 0.519266617061207, 0.369714619555102, 0.227997481880444
189,2.80393479384,16.58,13,0, 0.635501782500902,17.9968954498681,17.5377181154917, 0.851202045989914, 0, 0.381074619555102, 0, 2.84, 0, 13, 105.428654888776, 0.394589405920078, 0.7472622896012, 0.369714619555102, 0.227997481880444
190,2.02515596556309,15.08,0.05,0, 0.593526321194043,16.3963313485775,17.3350937273315, 0.847988047159848, 0, 0.421714619555102, 0, 13, 0, 0.05, 92.4786548887755, 0.398255828077441, 0.534745222352913, 0.369714619555102, 0.227997481880444
191,2.99327651197702,15.71,0.06,0, 0.55247870822778,17.1098412439641,17.2948588683189, 0.844822834439047, 0, 0.369914619555102, 0, 0.0499999999999972, 0, 0.06, 92.4886548887755, 0.390720984556493, 0.805620814957768, 0.369714619555102, 0.227997481880444
192,2.98110577856238,17.27,0.49,0, 0.512558522893536,18.8397307261916,17.572462999953, 0.841723300289307, 0, 0.369954619555102, 0, 0.0600000000000023, 0, 0.49, 92.9186548887755, 0.389233363795094, 0.805411644615988, 0.369714619555102, 0.227997481880444
193,3.02598509324431,15.57,2.86,0, 0.47394039373403,17.0124894311406,17.4712545582547, 0.838704778617178, 0, 0.371674619555102, 0, 0.489999999999995, 0, 2.86, 95.2886548887755, 0.399555088075876, 0.796417319919456, 0.369714619555102, 0.227997481880444
194,2.81079482800435,17.38,1.43,0, 0.436773561765422,19.0198395273193,17.7527072793112, 0.835780921414206, 0, 0.381154619555102, 0, 2.86, 0, 1.43, 93.8586548887755, 0.395776366055197, 0.746843948917641, 0.369714619555102, 0.227997481880444
195,3.00131538706321,13.25,9.9,0, 0.401181881983319,14.5220738634931,17.1624019779359, 0.832963609561099, 0, 0.375434619555102, 0, 1.43000000000001, 0, 9.9, 102.328654888776, 0.406329152742682, 0.776755307792153, 0.369714619555102, 0.227997481880444
196,2.191472714677,10.81,13.29,0, 0.367264230154671,11.865044096578,16.1895251617254, 0.830262898687065, 0, 0.409314619555102, 0, 9.90000000000001, 0, 13.29, 105.718654888776, 0.384356024130519, 0.599588028304654, 0.369714619555102, 0.227997481880444
197,1.75694392435618,12.6,9.01,0, 0.335095275378579,13.8489893495782,15.7575990591567, 0.827686999902558, 0, 0.422874619555102, 0, 13.29, 0, 9.01, 101.438654888776, 0.349475058360757, 0.528679282441298, 0.369714619555102, 0.227997481880444
198,1.96654759326379,13.7,1.16,0, 0.304726573897458,15.0779790019517,15.6316083004218, 0.825242294190821, 0, 0.405754619555102, 0, 9.01000000000001, 0, 1.16, 93.5886548887755, 0.334520775950716, 0.618204188723057, 0.369714619555102, 0.227997481880444
199,2.45687819555389,17.44,1.69,0, 0.276187936177947,19.2182500799814,16.2993671202437, 0.822933378298992, 0, 0.374354619555102, 0, 1.16, 0, 1.69, 94.1186548887755, 0.330220285132164, 0.782402907020209, 0.369714619555102, 0.227997481880444
200,2.59157038081866,19.39,0.24,0, 0.249489017329939,21.3923620527676,17.2513829129739, 0.82076313915338, 0, 0.376474619555102, 0, 1.69, 0, 0.24, 92.6686548887755, 0.353330192428145, 0.771316878905879, 0.369714619555102, 0.227997481880444
201,2.95494047286115,18.3,17.5,0, 0.224621080418094,20.2122090978772,17.8069081877496, 0.818732853166523, 0, 0.370674619555102, 0, 0.239999999999995, 0, 17.5, 109.928654888776, 0.387629098001635, 0.801646578463951, 0.369714619555102, 0.227997481880444
202,1.71109379406164,16.58,4.44,0, 0.201558883029998,18.3314557576472,17.9056675227867, 0.816842306324927, 0, 0.439714619555102, 0, 17.5, 0, 4.44, 96.8686548887755, 0.408377304603509, 0.440618568551998, 0.369714619555102, 0.227997481880444
203,2.79736569631558,16.97,0,0, 0.180262639454162,18.7807144538226,18.0709443434018, 0.815089930654229, 0, 0.387474619555102, 0, 4.44, 0, 0, 92.4286548887755, 0.412122475269091, 0.713795034916431, 0.369714619555102, 0.227997481880444
204,3.20970164658215,18.83,0.02,0, 0.160680013820724,20.8577264510317,18.5988536414882, 0.813472952549888, 0, 0.369714619555102, 0, 0, 0, 0.02, 92.4486548887755, 0.418428378290801, 0.806666666666667, 0.369714619555102, 0.227997481880444
205,3.36491912093111,18.8,1.4,0, 0.14274810338408,20.8415556759119,19.0248403359464, 0.811987548524201, 0, 0.369794619555102, 0, 0.019999999999996, 0, 1.4, 93.8286548887755, 0.438890703215586, 0.806248325983107, 0.369714619555102, 0.227997481880444
206,3.36914065205683,19.37,0.32,0, 0.12639537558794,21.4895711838964,19.49414972498, 0.810629004134445, 0, 0.375314619555102, 0, 1.40000000000001, 0, 0.32, 92.7486548887755, 0.455758504554081, 0.777382818817493, 0.369714619555102, 0.227997481880444
207,3.61121400673333,13.12,2.3,0, 0.111543527457374,14.5656265261137,18.5536166802337, 0.809391872196792, 0, 0.370994619555102, 0, 0.319999999999993, 0, 2.3, 94.7286548887755, 0.474709974635432, 0.799973215729713, 0.369714619555102, 0.227997481880444
208,3.15309276305447,14.96,0.1,0, 0.0981092410236235,16.6186909202806,18.183620938781, 0.808270126827577, 0, 0.378914619555102, 0, 2.3, 0, 0.1, 92.5286548887755, 0.437118135649801, 0.75855748805731, 0.369714619555102, 0.227997481880444
209,3.23448041462961,17.31,2.31,0, 0.0860058137321318,19.240053824391,18.3859987052915, 0.80725731035772, 0, 0.370114619555102, 0, 0.0999999999999943, 0, 2.31, 94.7386548887755, 0.422754840678828, 0.804574963248869, 0.369714619555102, 0.227997481880444
210,3.10508481121448,16.22,3.72,0, 0.0751446479554408,18.0376396993142,18.3191557764439, 0.806346670708367, 0, 0.378954619555102, 0, 2.31, 0, 3.72, 96.1486548887755, 0.430581450659725, 0.75834831771553, 0.369714619555102, 0.227997481880444
211,2.96635288452876,17.38,0,0, 0.0654365886936818,19.3363948871773,18.5146274815955, 0.80553128736947, 0, 0.384594619555102, 0, 3.72, 0, 0, 92.4286548887755, 0.427988476643471, 0.728855299524577, 0.369714619555102, 0.227997481880444
212,3.34137088211394,20.75,0,0, 0.0567931031821364,23.0950848985737,19.3959457543074, 0.80480418466455, 0, 0.369714619555102, 0, 0, 0, 0, 92.4286548887755, 0.435593258631945, 0.806666666666667, 0.369714619555102, 0.227997481880444
213,3.61076458961034,20.19,0.24,0, 0.0491273003474865,22.4798795071599,19.9900030682598, 0.804158431495105, 0, 0.369714619555102, 0, 0, 0, 0.24, 92.6686548887755, 0.470712401954658, 0.806666666666667, 0.369714619555102, 0.227997481880444
214,3.77460534850759,21.55,0.94,0, 0.0423547917955382,24.0017663257801,20.7635733782148, 0.803587227222178, 0, 0.370674619555102, 0, 0.239999999999995, 0, 0.94, 93.3686548887755, 0.495152738267325, 0.801646578463951, 0.369714619555102, 0.227997481880444
215,3.95078157446293,18.5,1.19,0, 0.0363943992303213,20.6105488573371,20.7340399535862, 0.80308397375021, 0, 0.373474619555102, 0, 0.939999999999998, 0, 1.19, 93.6186548887755, 0.527905633053332, 0.787004654539365, 0.369714619555102, 0.227997481880444
216,3.91509143714064,17.8,0.01,0, 0.0311687158762451,19.8355783705651,20.5605027015479, 0.802642334223301, 0, 0.374474619555102, 0, 1.19, 0, 0.01, 92.4386548887755, 0.526635933592891, 0.781775395994869, 0.369714619555102, 0.227997481880444
217,3.98171986751002,20.29,0.41,0, 0.0266045315997758,22.615204834475,20.9576388374758, 0.802256279023922, 0, 0.369754619555102, 0, 0.0100000000000051, 0, 0.41, 92.8386548887755, 0.519206112132995, 0.806457496324887, 0.369714619555102, 0.227997481880444
218,4.07004172997957,18.9,0.03,0, 0.0226331330203589,21.0698688416545,20.9793437593361, 0.801920119979771, 0, 0.371354619555102, 0, 0.409999999999997, 0, 0.03, 92.4586548887755, 0.536286912787291, 0.798090682653695, 0.369714619555102, 0.227997481880444
219,4.11779318728859,17.25,0.01,0, 0.0191904909917466,19.2335694806399,20.6415422340703, 0.801628533838968, 0, 0.369834619555102, 0, 0.0300000000000011, 0, 0.01, 92.4386548887755, 0.537228407012968, 0.806039155641327, 0.369714619555102, 0.227997481880444
220,4.00827756702293,19.51,0.83,0, 0.0162173484654686,21.7565098104163,20.8573809937691, 0.80137657617233, 0, 0.369754619555102, 0, 0.0100000000000051, 0, 0.83, 93.2586548887755, 0.522669168392631, 0.806457496324887, 0.369714619555102, 0.227997481880444
221,3.99267863392464,20.51,0.05,0, 0.0136592219671684,22.8744302552251,21.2479972834605, 0.801159686910345, 0, 0.373034619555102, 0, 0.829999999999998, 0, 0.05, 92.4786548887755, 0.531948744928204, 0.789305528298942, 0.369714619555102, 0.227997481880444
222,4.20545518245154,22.87,0.03,0, 0.0114663297785845,25.5091488150681,22.07347181458, 0.800973688728805, 0, 0.369914619555102, 0, 0.0499999999999972, 0, 0.03, 92.4586548887755, 0.548950149717503, 0.805620814957768, 0.369714619555102, 0.227997481880444
223,4.48976919016669,20.62,1.4,0, 0.0095934594805539,23.0015482445255,22.2533102226402, 0.800814779468177, 0, 0.369834619555102, 0, 0.0300000000000011, 0, 1.4, 93.8286548887755, 0.585758303096661, 0.806039155641327, 0.369714619555102, 0.227997481880444
224,4.39059984019811,16.76,0.11,0, 0.0079997868334417,18.6971446992512,21.5640479748235, 0.800679519715018, 0, 0.375314619555102, 0, 1.40000000000001, 0, 0.11, 92.5386548887755, 0.593935790731221, 0.777382818817493, 0.369714619555102, 0.227997481880444
225,4.30561991584207,17.69,0.05,0, 0.00664865710717723,19.7359021446461,21.2096417190046, 0.800564816595871, 0, 0.370154619555102, 0, 0.109999999999999, 0, 0.05, 92.4786548887755, 0.562901846824623, 0.804365792907089, 0.369714619555102, 0.227997481880444
226,4.19257528584157,15.67,0.27,0, 0.00550733897669797,17.483231228722,20.4871122131075, 0.800467904741489, 0, 0.369914619555102, 0, 0.0499999999999972, 0, 0.27, 92.6986548887755, 0.547268899801468, 0.805620814957768, 0.369714619555102, 0.227997481880444
227,3.93105556845597,16.71,0.39,0, 0.00454676001868397,18.644424617271,20.1297742300521, 0.800386325277446, 0, 0.370794619555102, 0, 0.269999999999996, 0, 0.39, 92.8186548887755, 0.516079854254544, 0.801019067438612, 0.369714619555102, 0.227997481880444
228,3.80417871047691,16.18,1.78,0, 0.0037412317252366,18.0537608815221,19.7271405629957, 0.800317903591094, 0, 0.371274619555102, 0, 0.390000000000001, 0, 1.78, 94.2086548887755, 0.500993002586009, 0.798509023337254, 0.369714619555102, 0.227997481880444
229,3.54324602757571,15.82,1.25,0, 0.0030681708269051,17.6526352973214,19.3247587599146, 0.800260726518329, 0, 0.376834619555102, 0, 1.78, 0, 1.25, 93.6786548887755, 0.484261918225124, 0.76943434582986, 0.369714619555102, 0.227997481880444
230,3.47230009921925,11.78,0.13,0, 0.00250782262229059,13.1449801627209,18.1259960904003, 0.800213119490067, 0, 0.374714619555102, 0, 1.25, 0, 0.13, 92.5586548887755, 0.46782517231255, 0.78052037394419, 0.369714619555102, 0.227997481880444
231,3.21502094791946,13.35,0.87,0, 0.00204299096928487,14.897229677264,17.4996314942365, 0.800173624080088, 0, 0.370234619555102, 0, 0.129999999999995, 0, 0.87, 93.2986548887755, 0.420539429471577, 0.803947452223529, 0.369714619555102, 0.227997481880444
232,2.97538299452516,13.3,0.04,0, 0.0016587786228199,14.8417061028745,16.9839774947269, 0.800140976304885, 0, 0.373194619555102, 0, 0.870000000000005, 0, 0.04, 92.4686548887755, 0.396834037161802, 0.788468846931823, 0.369714619555102, 0.227997481880444
233,2.89530722926001,14.08,0,0, 0.0013423407192795,15.7123585174968,16.7372638216071, 0.800114085943556, 0, 0.369874619555102, 0, 0.0400000000000063, 0, 0, 92.4286548887755, 0.377834672056542, 0.805829985299547, 0.369714619555102, 0.227997481880444
234,2.82984813205729,17.01,0.01,0, 0.00108265341693636,18.9822813233325,17.1728487724548, 0.800092017072259, 0, 0.369714619555102, 0, 0, 0, 0.01, 92.4386548887755, 0.368909292851832, 0.806666666666667, 0.369714619555102, 0.227997481880444
235,2.95051462884278,17.8,0.03,0, 0.000870299009040761,19.8640812477914,17.695026307989, 0.800073969943676, 0, 0.369754619555102, 0, 0.0100000000000051, 0, 0.03, 92.4586548887755, 0.384739579932071, 0.806457496324887, 0.369714619555102, 0.227997481880444
236,3.09780217656828,17.9,0.48,0, 0.000697268231917126,19.9758417003591,18.1375824541473, 0.80005926428718, 0, 0.369834619555102, 0, 0.0300000000000011, 0, 0.48, 92.9086548887755, 0.404155151282601, 0.806039155641327, 0.369714619555102, 0.227997481880444
237,3.18911495498616,14.51,1.98,0, 0.0005567799920115,16.1928157005789,17.7602232782244, 0.800047324059613, 0, 0.371634619555102, 0, 0.480000000000004, 0, 1.98, 94.4086548887755, 0.420984404568782, 0.796626490261236, 0.369714619555102, 0.227997481880444
238,2.95892804886732,16.29,0.27,0, 0.000443118328301491,18.1793518059714,17.8415516391255, 0.800037663639285, 0, 0.377634619555102, 0, 1.98, 0, 0.27, 92.6986548887755, 0.406612860910478, 0.765250938994264, 0.369714619555102, 0.227997481880444
239,3.12066177082167,17.08,0.45,0, 0.000351486103102337,19.0610609590344,18.078190404462, 0.800029875426187, 0, 0.370794619555102, 0, 0.269999999999996, 0, 0.45, 92.8786548887755, 0.409689113729814, 0.801019067438612, 0.369714619555102, 0.227997481880444
240,3.17435321092398,17.49,0.12,0, 0.000277874667162308,19.5186840866356,18.3577129999381, 0.800023618788844, 0, 0.371514619555102, 0, 0.450000000000003, 0, 0.12, 92.5486548887755, 0.418705937031447, 0.797254001286575, 0.369714619555102, 0.227997481880444
241,3.28425054482231,18.45,1.36,0, 0.000218948565423814,20.5900932775778,18.790902157608, 0.80001861028171, 0, 0.370194619555102, 0, 0.120000000000005, 0, 1.36, 93.7886548887755, 0.42948323448703, 0.804156622565309, 0.369714619555102, 0.227997481880444
242,3.30392421753837,18.58,0.07,0, 0.000171944229043695,20.7352189161875,19.168195796066, 0.800014615045865, 0, 0.375154619555102, 0, 1.36, 0, 0.07, 92.4986548887755, 0.446455878622823, 0.778219500184612, 0.369714619555102, 0.227997481880444
243,3.533721559487,19.4,0.18,0, 0.000134581528396999,21.6503747231233,19.649864003244, 0.800011439299054, 0, 0.369994619555102, 0, 0.0699999999999932, 0, 0.18, 92.6086548887755, 0.461506479510773, 0.805202474274208, 0.369714619555102, 0.227997481880444
244,3.67309356492262,17.7,1.77,0, 0.000104987032355441,19.7532047634761,19.6699174245069, 0.800008923818115, 0, 0.370434619555102, 0, 0.180000000000007, 0, 1.77, 94.1986548887755, 0.48108325981625, 0.80290160051463, 0.369714619555102, 0.227997481880444
245,3.52697501075147,14.4,7.76,0, 8.16278232037666E-05,16.0704217435793,18.9714277290598, 0.800006938316832, 0, 0.376794619555102, 0, 1.77, 0, 7.76, 100.188654888776, 0.481907122372106, 0.76964351617164, 0.369714619555102, 0.227997481880444
246,2.77951869881595,14.48,0.96,0, 6.32547468932491E-05,16.1597159967058,18.4258076593912, 0.800005376624578, 0, 0.400754619555102, 0, 7.76000000000001, 0, 0.96, 93.3886548887755, 0.453626085157496, 0.644350481445534, 0.369714619555102, 0.227997481880444
247,3.23228513748208,12.32,3.39,0, 4.88540284672847E-05,13.7491600515774,17.5182899092168, 0.800004152575176, 0, 0.373554619555102, 0, 0.959999999999994, 0, 3.39, 95.8186548887755, 0.432129442211381, 0.786586313855805, 0.369714619555102, 0.227997481880444
248,2.78134297929819,8.96,2.08,0, 3.76062467846904E-05,9.99939448197461,16.0592228281362, 0.800003196520759, 0, 0.383274619555102, 0, 3.39, 0, 2.08, 94.5086548887755, 0.397530246611083, 0.735757920803311, 0.369714619555102, 0.227997481880444
249,2.50319456418322,10.26,0.06,0, 2.88517362894749E-05,11.4502042563632,15.1648260154419, 0.80000245239157, 0, 0.378034619555102, 0, 2.08, 0, 0.06, 92.4886548887755, 0.344929246870304, 0.763159235576466, 0.369714619555102, 0.227997481880444
250,2.4089582807225,9.62,0.22,0, 2.20615625061999E-05,10.7359649657029,14.3053885496096, 0.800001875229297, 0, 0.369954619555102, 0, 0.0600000000000023, 0, 0.22, 92.6486548887755, 0.314529910877513, 0.805411644615988, 0.369714619555102, 0.227997481880444
251,2.18622743976929,7.19,9.85,0, 1.68132989006467E-05,8.02407561196459,13.0864747335216, 0.800001429128364, 0, 0.370594619555102, 0, 0.219999999999999, 0, 9.85, 102.278654888776, 0.286639737105689, 0.802064919147511, 0.369714619555102, 0.227997481880444
252,1.42392986243161,6.6,4.09,0, 1.27709131443802E-05,7.36563410697454,11.9763221305828, 0.800001085526439, 0, 0.409114619555102, 0, 9.84999999999999, 0, 4.09, 96.5186548887755, 0.249304059121555, 0.600633880013553, 0.369714619555102, 0.227997481880444
253,1.49191803619084,8.31,0.06,0, 9.66814867866953E-06,9.27400431346954,11.4519260233128, 0.800000821791962, 0, 0.386074619555102, 0, 4.09, 0, 0.06, 92.4886548887755, 0.21756569174018, 0.721115996878724, 0.369714619555102, 0.227997481880444
254,1.55724763526461,9.16,0.14,0, 7.29486134169596E-06,10.2226100009647,11.2133720078924, 0.80000062006283, 0, 0.369954619555102, 0, 0.0600000000000023, 0, 0.14, 92.5686548887755, 0.203324799708484, 0.805411644615988, 0.369714619555102, 0.227997481880444
255,1.50571722800264,8.94,0.31,0, 5.48583971223878E-06,9.97708965918799,10.9734660820419, 0.800000466296158, 0, 0.370274619555102, 0, 0.140000000000001, 0, 0.31, 92.7386548887755, 0.19700594990454, 0.803738281881749, 0.369714619555102, 0.227997481880444
256,1.45146726143306,9.42,1.87,0, 4.11170112192245E-06,10.512773013082,10.8840665851238, 0.800000349494473, 0, 0.370954619555102, 0, 0.310000000000002, 0, 1.87, 94.2986548887755, 0.19075188340707, 0.800182386071492, 0.369714619555102, 0.227997481880444
257,1.37545593539183,10.07,1.41,0, 3.07151269412211E-06,11.2381772275321,10.9527833085934, 0.800000261078511, 0, 0.377194619555102, 0, 1.87, 0, 1.41, 93.8386548887755, 0.188447142932086, 0.767551812753842, 0.369714619555102, 0.227997481880444
258,1.4057814270797,8.29,2.48,0, 2.28683822207643E-06,9.25168745739614,10.6226781579391, 0.800000194381211, 0, 0.375354619555102, 0, 1.41, 0, 2.48, 94.9086548887755, 0.190217431022845, 0.777173648475713, 0.369714619555102, 0.227997481880444
259,1.30480068317531,7.43,4.5,0, 1.69695732930476E-06,8.29192276701539,10.1703847571907, 0.800000144241352, 0, 0.379634619555102, 0, 2.48, 0, 4.5, 96.9286548887755, 0.181788841356353, 0.754792421905273, 0.369714619555102, 0.227997481880444
260,1.15561124963403,3.26,2.84,0, 1.25504342614012E-06,3.63817884106107,8.90278120018792, 0.80000010667868, 0, 0.387714619555102, 0, 4.5, 0, 2.84, 95.2686548887755, 0.170550533046921, 0.712540012865752, 0.369714619555102, 0.227997481880444
261,1.00168737188361,2.08,0.01,0, 9.25121845284432E-07,2.32129205774467,7.625613951127, 0.800000078635351, 0, 0.381074619555102, 0, 2.84, 0, 0.01, 92.4386548887755, 0.140964485286013, 0.7472622896012, 0.369714619555102, 0.227997481880444
262,0.874276793792714,2.4,0.02,0, 6.79659624153231E-07,2.6784139440769,6.66558774437524, 0.800000057771065, 0, 0.369754619555102, 0, 0.0100000000000051, 0, 0.02, 92.4486548887755, 0.114003463361947, 0.806457496324887, 0.369714619555102, 0.227997481880444
263,0.733102534770412,4.66,0.28,0, 4.97664150768082E-07,5.2005871198019,6.3812978371775, 0.800000042301451, 0, 0.369794619555102, 0, 0.019999999999996, 0, 0.28, 92.7086548887755, 0.0956195009303769, 0.806248325983107, 0.369714619555102, 0.227997481880444
264,0.689061406435586,7.43,0.5,0, 3.63189760353105E-07,8.29192329344727,6.75206323856917, 0.800000030871129, 0, 0.370834619555102, 0, 0.280000000000001, 0, 0.5, 92.9286548887755, 0.090485516929125, 0.800809897096832, 0.369714619555102, 0.227997481880444
265,0.736009918264974,11.49,0.01,0, 2.64169811075125E-07,12.8229070108707,7.93013759849628, 0.800000022454433, 0, 0.371714619555102, 0, 0.5, 0, 0.01, 92.4386548887755, 0.0972092574608768, 0.796208149577676, 0.369714619555102, 0.227997481880444
266,0.92158545478424,11.36,0.51,0, 1.91507209124202E-07,12.6778262965466,8.85144781414857, 0.800000016278113, 0, 0.369754619555102, 0, 0.0100000000000051, 0, 0.51, 92.9386548887755, 0.120172392056318, 0.806457496324887, 0.369714619555102, 0.227997481880444
267,1.05839774827811,10.26,0.3,0, 1.38369197011889E-07,11.4502199059484,9.35575115998389, 0.800000011761382, 0, 0.371754619555102, 0, 0.510000000000005, 0, 0.3, 92.7286548887755, 0.139825690876849, 0.795998979235896, 0.369714619555102, 0.227997481880444
268,1.15091289494823,13.8,0,0, 9.96428327797606E-08,15.4008806036419,10.5288355684908, 0.800000008469641, 0, 0.370914619555102, 0, 0.299999999999997, 0, 0, 92.4286548887755, 0.15121348927657, 0.800391556413272, 0.369714619555102, 0.227997481880444
269,1.37636249318231,14.17,1.12,0, 7.15163041281395E-08,15.8138027859259,11.5544071011078, 0.800000006078886, 0, 0.369714619555102, 0, 0, 0, 1.12, 93.5486548887755, 0.179427619565766, 0.806666666666667, 0.369714619555102, 0.227997481880444
270,1.53482456052993,2.83,0.66,0, 5.11583361380311E-08,3.15829653687634,9.92510427832626, 0.800000004348459, 0, 0.374194619555102, 0, 1.12, 0, 0.66, 93.0886548887755, 0.206069960173553, 0.783239588387328, 0.369714619555102, 0.227997481880444
271,1.24105808712831,0.23,0,0, 3.64737243357051E-08,0.256681344165833,8.04890354315722, 0.800000003100267, 0, 0.372354619555102, 0, 0.659999999999997, 0, 0, 92.4286548887755, 0.164605900191253, 0.792861424109199, 0.369714619555102, 0.227997481880444
272,0.940617867672248,2.71,0,0, 2.59176823886771E-08,3.02437583929969,7.07387145664454, 0.800000002203003, 0, 0.369714619555102, 0, 0, 0, 0, 92.4286548887755, 0.122622365658364, 0.806666666666667, 0.369714619555102, 0.227997481880444
273,0.79194239223373,2.73,0,0, 1.83554301823751E-08,3.04669595729158,6.29238002784291, 0.800000001560212, 0, 0.369714619555102, 0, 0, 0, 0, 92.4286548887755, 0.103240490042106, 0.806666666666667, 0.369714619555102, 0.227997481880444
274,0.682006399441476,4.4,0.01,0, 1.29564290946268E-08,4.91042571997365,6.02420560940908, 0.800000001101297, 0, 0.369714619555102, 0, 0, 0, 0.01, 92.4386548887755, 0.0889088342544616, 0.806666666666667, 0.369714619555102, 0.227997481880444
275,0.64600582839062,6.28,1.76,0, 9.11503687333675E-09,7.00851671069845,6.21521558404806, 0.800000000774778, 0, 0.369754619555102, 0, 0.0100000000000051, 0, 1.76, 94.1886548887755, 0.084237511862857, 0.806457496324887, 0.369714619555102, 0.227997481880444
276,0.640946961743592,7.23,0.82,0, 6.39122178945062E-09,8.06872226511458,6.57489685130654, 0.800000000543254, 0, 0.376754619555102, 0, 1.76000000000001, 0, 0.82, 93.2486548887755, 0.087551792281472, 0.76985268651342, 0.369714619555102, 0.227997481880444
277,0.705475451393291,6.05,1.7,0, 4.4664420072343E-09,6.75183536769235,6.60923256235034, 0.800000000379648, 0, 0.372994619555102, 0, 0.819999999999993, 0, 1.7, 94.1286548887755, 0.0939663296911949, 0.789514698640722, 0.369714619555102, 0.227997481880444
278,0.693604836547361,4.31,0.18,0, 3.11094162435562E-09,4.80998519613746,6.26008055781752, 0.80000000026443, 0, 0.376514619555102, 0, 1.7, 0, 0.18, 92.6086548887755, 0.0945905271095567, 0.771107708564099, 0.369714619555102, 0.227997481880444
279,0.674476543426553,3.79,2.99,0, 2.15960525670457E-09,4.22966215642378,5.86606877917016, 0.800000000183567, 0, 0.370434619555102, 0, 0.180000000000007, 0, 2.99, 95.4186548887755, 0.0883395340864611, 0.80290160051463, 0.369714619555102, 0.227997481880444
280,0.577001020368596,4.36,0.01,0, 1.49420175355892E-09,4.86578548881049,5.67195932953424, 0.800000000127007, 0, 0.381674619555102, 0, 2.98999999999999, 0, 0.01, 92.4386548887755, 0.0815420110242829, 0.744124734474503, 0.369714619555102, 0.227997481880444
281,0.600420212403598,4.82,0,0, 1.03037772000613E-09,5.37914817811568,5.6151380150118, 0.800000000087582, 0, 0.369754619555102, 0, 0.0100000000000051, 0, 0, 92.4286548887755, 0.0782932638410568, 0.806457496324887, 0.369714619555102, 0.227997481880444
282,0.593376813363541,4.87,0.16,0, 7.08167560065297E-10,5.43494847050314,5.58017142739013, 0.800000000060194, 0, 0.369714619555102, 0, 0, 0, 0.16, 92.5886548887755, 0.077354759123938, 0.806666666666667, 0.369714619555102, 0.227997481880444
283,0.586524672031671,0.75,0.02,0, 4.85096286024075E-10,0.837004384583294,4.65973863277774, 0.800000000041233, 0, 0.370354619555102, 0, 0.159999999999997, 0, 0.02, 92.4486548887755, 0.0767800366300548, 0.80331994119819, 0.369714619555102, 0.227997481880444
284,0.478582652782883,5.8,0.17,0, 3.31186192540062E-10,6.47283390749156,5.01157788608271, 0.800000000028151, 0, 0.369794619555102, 0, 0.019999999999996, 0, 0.17, 92.5986548887755, 0.0624221473021731, 0.806248325983107, 0.369714619555102, 0.227997481880444
285,0.517296140790879,8.21,0,0, 2.25355855416061E-10,9.16240799668507,5.81706504778954, 0.800000000019155, 0, 0.370394619555102, 0, 0.170000000000002, 0, 0, 92.4286548887755, 0.0677351918808906, 0.80311077085641, 0.369714619555102, 0.227997481880444
286,0.619157474589064,6.85,1.63,0, 1.52833241035738E-10,7.64464004598165,6.17171415625486, 0.800000000012991, 0, 0.369714619555102, 0, 0, 0, 1.63, 94.0586548887755, 0.0807156198691562, 0.806666666666667, 0.369714619555102, 0.227997481880444
287,0.637624252013217,4.2,3.21,0, 1.03304478805553E-10,4.68722455375163,5.88364230444111, 0.800000000008781, 0, 0.376234619555102, 0, 1.63, 0, 3.21, 95.6386548887755, 0.086791360465853, 0.772571900956558, 0.369714619555102, 0.227997481880444
288,0.575524084568502,-0.92,0.21,0, 6.95941653363088E-11,-0.184,4.70618915701236, 0.800000000005916, 0, 0.382554619555102, 0, 3.20999999999999, 0, 0.21, 92.6386548887755, 0.0818393935020142, 0.739522986955348, 0.369714619555102, 0.227997481880444
289,0.481480069247172,-1.38,0.03,0, 4.67281795470828E-11,-0.276,3.739373051235, 0.800000000003972, 0, 0.370554619555102, 0, 0.209999999999994, 0, 0.03, 92.4586548887755, 0.0631111545859147, 0.802274089489291, 0.369714619555102, 0.227997481880444
290,0.37979525510824,0.48,0.01,0, 3.12706742191663E-11,0.53568280614488,3.11768261972607, 0.800000000002658, 0, 0.369834619555102, 0, 0.0300000000000011, 0, 0.01, 92.4386548887755, 0.0495500358111073, 0.806039155641327, 0.369714619555102, 0.227997481880444
291,0.319755505068306,2.21,0.01,0, 2.08568145640938E-11,2.46637291995994,2.9912930572786, 0.800000000001773, 0, 0.369754619555102, 0, 0.0100000000000051, 0, 0.01, 92.4386548887755, 0.0416953020664053, 0.806457496324887, 0.369714619555102, 0.227997481880444
292,0.308144794573529,5.48,0.09,0, 1.38647188213497E-11,6.11571203682578,3.59760054489896, 0.800000000001179, 0, 0.369754619555102, 0, 0.0100000000000051, 0, 0.09, 92.5186548887755, 0.0401812950403749, 0.806457496324887, 0.369714619555102, 0.227997481880444
293,0.365039458583121,4.96,0.02,0, 9.18600134618868E-12,5.53538899683624,3.97363706737743, 0.800000000000781, 0, 0.370074619555102, 0, 0.0900000000000034, 0, 0.02, 92.4486548887755, 0.0476991877229611, 0.804784133590648, 0.369714619555102, 0.227997481880444
294,0.403933521128804,5.54,0.04,0, 6.06588670749857E-12,6.18267238759624,4.40231025872457, 0.800000000000516, 0, 0.369794619555102, 0, 0.019999999999996, 0, 0.04, 92.4686548887755, 0.0526855656166597, 0.806248325983107, 0.369714619555102, 0.227997481880444
295,0.449599109162529,6.95,0.37,0, 3.9922197283972E-12,7.75624063064948,5.05315545931068, 0.800000000000339, 0, 0.369874619555102, 0, 0.0400000000000063, 0, 0.37, 92.7986548887755, 0.058672230100691, 0.805829985299547, 0.369714619555102, 0.227997481880444
296,0.519480411959425,2.14,0.15,0, 2.6187071255557E-12,2.38825251073251,4.53601911425448, 0.800000000000223, 0, 0.371194619555102, 0, 0.370000000000005, 0, 0.15, 92.5786548887755, 0.0683773801997724, 0.798927364020813, 0.369714619555102, 0.227997481880444
297,0.463087123812921,1.32,0.01,0, 1.71203159479255E-12,1.47312771690049,3.94165132934996, 0.800000000000146, 0, 0.370314619555102, 0, 0.150000000000006, 0, 0.01, 92.4386548887755, 0.0606054481919594, 0.803529111539969, 0.369714619555102, 0.227997481880444
298,0.400711669097686,4.48,0,0, 1.11554982405864E-12,4.99970619069272,4.14697161095939, 0.800000000000095, 0, 0.369754619555102, 0, 0.0100000000000051, 0, 0, 92.4286548887755, 0.0522517793117974, 0.806457496324887, 0.369714619555102, 0.227997481880444
299,0.422414530611343,5.83,3.2,0, 7.24466854646193E-13,6.50631408297748,4.60481257787588, 0.800000000000062, 0, 0.369714619555102, 0, 0, 0, 3.2, 95.6286548887755, 0.0550674942633332, 0.806666666666667, 0.369714619555102, 0.227997481880444
300,0.433402437554936,1.1,4.81,0, 4.6892179748164E-13,1.22760643075048,3.94945060893133, 0.80000000000004, 0, 0.382514619555102, 0, 3.2, 0, 4.81, 97.2386548887755, 0.0616123009979819, 0.739732157297127, 0.369714619555102, 0.227997481880444
301,0.35153321668904,-0.13,0,0, 3.02506473759653E-13,-0.026,3.17799662448069, 0.800000000000026, 0, 0.388954619555102, 0, 4.81, 0, 0, 92.4286548887755, 0.0523573867860798, 0.706055732270578, 0.369714619555102, 0.227997481880444
302,0.325456291018746,1.38,0,0, 1.94500748510396E-13,1.54008806766881,2.86015313788836, 0.800000000000017, 0, 0.369714619555102, 0, 0, 0, 0, 92.4286548887755, 0.0424276655746256, 0.806666666666667, 0.369714619555102, 0.227997481880444
303,0.296401525200258,5.01,1.4,0, 1.24640801351918E-13,5.59118928914547,3.39012292693133, 0.800000000000011, 0, 0.369714619555102, 0, 0, 0, 1.4, 93.8286548887755, 0.0386399806488337, 0.806666666666667, 0.369714619555102, 0.227997481880444
304,0.333056775311776,4.99,1.24,0, 7.96070516982273E-14,5.56886917222275,3.81291838771781, 0.800000000000007, 0, 0.375314619555102, 0, 1.40000000000001, 0, 1.24, 93.6686548887755, 0.0450540578515269, 0.777382818817493, 0.369714619555102, 0.227997481880444
305,0.375100989755901,1.94,0.5,0, 5.06751681954449E-14,2.16505134150544,3.49314241168393, 0.800000000000004, 0, 0.374674619555102, 0, 1.23999999999999, 0, 0.5, 92.9286548887755, 0.0505240519862818, 0.78072954428597, 0.369714619555102, 0.227997481880444
306,0.350995002745445,3.17,0.49,0, 3.21507574870348E-14,3.53773853225374,3.50179648848904, 0.800000000000003, 0, 0.371714619555102, 0, 0.5, 0, 0.49, 92.9186548887755, 0.0463580214649764, 0.796208149577676, 0.369714619555102, 0.227997481880444
307,0.351923203670362,4.36,0.02,0, 2.03301026761112E-14,4.86578548915656,3.76648465917033, 0.800000000000002, 0, 0.371674619555102, 0, 0.489999999999995, 0, 0.02, 92.4486548887755, 0.0464684069172654, 0.796417319919456, 0.369714619555102, 0.227997481880444
308,0.382638217799722,4.15,0.06,0, 1.28126890438738E-14,4.63142426146783,3.93433006039416, 0.800000000000001, 0, 0.369794619555102, 0, 0.019999999999996, 0, 0.06, 92.4886548887755, 0.0499079919759882, 0.806248325983107, 0.369714619555102, 0.227997481880444
309,0.399433484700626,1.28,0,0, 8.04809978033588E-15,1.42848748305514,3.44806009231776, 0.800000000000001, 0, 0.369954619555102, 0, 0.0600000000000023, 0, 0, 92.4286548887755, 0.0521527414358966, 0.805411644615988, 0.369714619555102, 0.227997481880444
310,0.351210711103453,0.05,0.42,0, 5.03847107587815E-15,0.0558002923068414,2.78977689465183, 0.8, 0, 0.369714619555102, 0, 0, 0, 0.42, 92.8486548887755, 0.0457851054293047, 0.806666666666667, 0.369714619555102, 0.227997481880444
311,0.286991990992903,-2.03,0.61,0, 3.14381179594198E-15,-0.406,2.16962208421204, 0.8, 0, 0.371394619555102, 0, 0.420000000000002, 0, 0.61, 93.0386548887755, 0.0378252626575654, 0.797881512311915, 0.369714619555102, 0.227997481880444
312,0.234195569704735,-2.49,0.58,0, 1.95508957623478E-15,-0.498,1.65195807871526, 0.8, 0, 0.372154619555102, 0, 0.609999999999999, 0, 0.58, 93.0086548887755, 0.031021262633941, 0.793907275818098, 0.369714619555102, 0.227997481880444
313,0.195369096389827,-3.65,1.48,0, 1.21179493537913E-15,-0.73,1.18972845209355, 0.8, 0, 0.372034619555102, 0, 0.579999999999998, 0, 1.48, 93.9086548887755, 0.0258579165022797, 0.794534786843438, 0.369714619555102, 0.227997481880444
314,0.1596594160244,-3.74,1.77,0, 7.48589890184395E-16,-0.748,0.813703572852789, 0.8, 0, 0.375634619555102, 0, 1.48, 0, 1.77, 94.1986548887755, 0.0216444237690508, 0.775709456083254, 0.369714619555102, 0.227997481880444
315,0.135346079862204,-2.49,3.79,0, 4.60904696912616E-16,-0.498,0.55916162346419, 0.8, 0, 0.376794619555102, 0, 1.77, 0, 3.79, 96.2186548887755, 0.0184929690944544, 0.76964351617164, 0.369714619555102, 0.227997481880444
316,0.114132616344901,-2.27,0.05,0, 2.82833378891062E-16,-0.454,0.362553075603479, 0.8, 0, 0.384874619555102, 0, 3.79000000000001, 0, 0.05, 92.4786548887755, 0.0165003198652658, 0.727391107132118, 0.369714619555102, 0.227997481880444
317,0.115211803119887,-2.44,0.16,0, 1.72982648264045E-16,-0.488,0.197499444277527, 0.8, 0, 0.369914619555102, 0, 0.0499999999999972, 0, 0.16, 92.5886548887755, 0.0150389277326733, 0.805620814957768, 0.369714619555102, 0.227997481880444
318,0.105910479720654,-2.9,0.06,0, 1.05445189848832E-16,-0.58,0.0466221970923774, 0.8, 0, 0.370354619555102, 0, 0.159999999999997, 0, 0.06, 92.4886548887755, 0.0138643963335602, 0.80331994119819, 0.369714619555102, 0.227997481880444
319,0.0982831821192988,-1.49,0.01,0, 6.40624223402601E-17,-0.298,-0.0202532827538001, 0.8, 0, 0.369954619555102, 0, 0.0600000000000023, 0, 0.01, 92.4386548887755, 0.0128325180058619, 0.805411644615988, 0.369714619555102, 0.227997481880444
320,0.0950011347759548,-0.86,1.02,0, 3.8791117515805E-17,-0.172,-0.0497004124411592, 0.8, 0, 0.369754619555102, 0, 0.0100000000000051, 0, 1.02, 93.4486548887755, 0.0123879055977114, 0.806457496324887, 0.369714619555102, 0.227997481880444
321,0.0910689771925548,-1.78,0.53,0, 2.34106556978338E-17,-0.356,-0.109139218378529, 0.8, 0, 0.373794619555102, 0, 1.02, 0, 0.53, 92.9586548887755, 0.0121946161339837, 0.785331291805126, 0.369714619555102, 0.227997481880444
322,0.0893408676204294,-2.89,0.96,0, 1.40814447715633E-17,-0.578,-0.200123751634188, 0.8, 0, 0.371834619555102, 0, 0.530000000000001, 0, 0.96, 93.3886548887755, 0.0118090928608569, 0.795580638552337, 0.369714619555102, 0.227997481880444
323,0.0840064332089142,-3.44,0.72,0, 8.44176399077295E-18,-0.688,-0.29479832132324, 0.8, 0, 0.373554619555102, 0, 0.959999999999994, 0, 0.72, 93.1486548887755, 0.011230956298928, 0.786586313855805, 0.369714619555102, 0.227997481880444
324,0.0801300214608816,-5.32,2.09,0, 5.04395900411366E-18,-1.064,-0.44406534995345, 0.8, 0, 0.372594619555102, 0, 0.719999999999999, 0, 2.09, 94.5186548887755, 0.0106447762864396, 0.79160640205852, 0.369714619555102, 0.227997481880444
325,0.0707556810044353,-7.18,0.59,0, 3.00373933374429E-18,-1.436,-0.636554708612293, 0.8, 0, 0.378074619555102, 0, 2.09, 0, 0.59, 93.0186548887755, 0.00975249594105172, 0.762950065234686, 0.369714619555102, 0.227997481880444
326,0.0654094523796759,-9.77,0.08,0, 1.78281092561212E-18,-1.954,-0.89221086418205, 0.8, 0, 0.372074619555102, 0, 0.590000000000003, 0, 0.08, 92.5086548887755, 0.00865949412854214, 0.794325616501658, 0.369714619555102, 0.227997481880444
327,0.0559439795328999,-9.59,0.01,0, 1.05463136669761E-18,-1.918,-1.09126983733471, 0.8, 0, 0.370034619555102, 0, 0.0799999999999983, 0, 0.01, 92.4386548887755, 0.00730822089940462, 0.804993303932428, 0.369714619555102, 0.227997481880444
328,0.048585430328571,-9.18,0.26,0, 6.21796728370525E-19,-1.836,-1.23578805875041, 0.8, 0, 0.369754619555102, 0, 0.0100000000000051, 0, 0.26, 92.6886548887755, 0.00633541615849055, 0.806457496324887, 0.369714619555102, 0.227997481880444
329,0.0432208150204814,-12.89,0.4,0, 3.65383164748719E-19,-2.578,-1.49625029357934, 0.8, 0, 0.370754619555102, 0, 0.260000000000005, 0, 0.4, 92.8286548887755, 0.0056726669046824, 0.801228237780391, 0.369714619555102, 0.227997481880444
330,0.0346971010134976,-12.09,0.03,0, 2.1399369872924E-19,-2.418,-1.67511994978559, 0.8, 0, 0.371314619555102, 0, 0.400000000000006, 0, 0.03, 92.4586548887755, 0.00457064739381843, 0.798299852995474, 0.369714619555102, 0.227997481880444
331,0.0297605515294063,-5.82,2.83,0, 1.24912468006993E-19,-1.164,-1.57593483579915, 0.8, 0, 0.369834619555102, 0, 0.0300000000000011, 0, 2.83, 95.2586548887755, 0.00388271410505148, 0.806039155641327, 0.369714619555102, 0.227997481880444
332,0.0302603263932141,-8.88,0.24,0, 7.2671302604661E-20,-1.776,-1.61475837638742, 0.8, 0, 0.381034619555102, 0, 2.83, 0, 0.24, 92.6686548887755, 0.00425725408131722, 0.74747145994298, 0.369714619555102, 0.227997481880444
333,0.031320292532718,-14,0.11,0, 4.21378576999162E-20,-2.8,-1.84475981849275, 0.8, 0, 0.370674619555102, 0, 0.239999999999995, 0, 0.11, 92.5386548887755, 0.00410859604621731, 0.801646578463951, 0.369714619555102, 0.227997481880444
334,0.0251046095215664,-15.5,0.02,0, 2.43519818427965E-20,-3.1,-2.08834479406529, 0.8, 0, 0.370154619555102, 0, 0.109999999999999, 0, 0.02, 92.4486548887755, 0.00328208976633205, 0.804365792907089, 0.369714619555102, 0.227997481880444
335,0.0192274927908354,-14.33,0.12,0, 1.40264743572865E-20,-2.866,-2.23925226749719, 0.8, 0, 0.369794619555102, 0, 0.019999999999996, 0, 0.12, 92.5486548887755, 0.00250786646833499, 0.806248325983107, 0.369714619555102, 0.227997481880444
336,0.0159086691325295,-12.79,0.04,0, 8.05220985090131E-21,-2.558,-2.3011066916778, 0.8, 0, 0.370194619555102, 0, 0.120000000000005, 0, 0.04, 92.4686548887755, 0.00208038533667729, 0.804156622565309, 0.369714619555102, 0.227997481880444
337,0.0146874784855768,-8.25,0.43,0, 4.60716746800396E-21,-1.65,-2.17475652385812, 0.8, 0, 0.369874619555102, 0, 0.0400000000000063, 0, 0.43, 92.8586548887755, 0.00191670112271773, 0.805829985299547, 0.369714619555102, 0.227997481880444
338,0.017129176843393,-7.74,0.9,0, 2.6272733764137E-21,-1.548,-2.05313161509318, 0.8, 0, 0.371434619555102, 0, 0.430000000000007, 0, 0.9, 93.3286548887755, 0.00225820069478936, 0.797672341970134, 0.369714619555102, 0.227997481880444
339,0.0195788587248758,-8.94,0.13,0, 1.49323748179067E-21,-1.788,-2.0016816384772, 0.8, 0, 0.373314619555102, 0, 0.900000000000006, 0, 0.13, 92.5586548887755, 0.00261335968255457, 0.787841335906483, 0.369714619555102, 0.227997481880444
340,0.0211873587732392,-9.42,0.95,0, 8.4587239512711E-22,-1.884,-1.97884498979744, 0.8, 0, 0.370234619555102, 0, 0.129999999999995, 0, 0.95, 93.3786548887755, 0.00277140333293119, 0.803947452223529, 0.369714619555102, 0.227997481880444
341,0.0212713068072565,-20.36,0.59,0, 4.77565750765734E-22,-4.072,-2.38503108831565, 0.8, 0, 0.373514619555102, 0, 0.950000000000003, 0, 0.59, 93.0186548887755, 0.00284303947948098, 0.786795484197584, 0.369714619555102, 0.227997481880444
342,0.0128812425703929,-23.11,0.29,0, 2.68728573131327E-22,-4.622,-2.81912491811551, 0.8, 0, 0.372074619555102, 0, 0.590000000000003, 0, 0.29, 92.7186548887755, 0.00170533524358483, 0.794325616501658, 0.369714619555102, 0.227997481880444
343,0.00615998953385118,-19.45,1.28,0, 1.50711666050248E-22,-3.89,-3.02693302090334, 0.8, 0, 0.370874619555102, 0, 0.290000000000006, 0, 1.28, 93.7086548887755, 0.000809123046896738, 0.800600726755052, 0.369714619555102, 0.227997481880444
344,0.0036858044303848,-19.39,3.01,0, 8.42426940849719E-23,-3.878,-3.19208637750233, 0.8, 0, 0.374834619555102, 0, 1.28, 0, 3.01, 95.4386548887755, 0.00049699030767973, 0.779892862918851, 0.369714619555102, 0.227997481880444
345,0.00214219348382202,-16.18,0.03,0, 4.69320986895875E-23,-3.236,-3.20060801250174, 0.8, 0, 0.381754619555102, 0, 3.01000000000001, 0, 0.03, 92.4586548887755, 0.000302905916420086, 0.743706393790943, 0.369714619555102, 0.227997481880444
346,0.00225492053411849,-12.41,0.05,0, 2.60591385579384E-23,-2.482,-3.06115891124585, 0.8, 0, 0.369834619555102, 0, 0.0300000000000011, 0, 0.05, 92.4786548887755, 0.000294188491599058, 0.806039155641327, 0.369714619555102, 0.227997481880444
347,0.00346917810939783,-15.93,2.01,0, 1.44212360852403E-23,-3.186,-3.08538488329696, 0.8, 0, 0.369914619555102, 0, 0.0499999999999972, 0, 2.01, 94.4386548887755, 0.000452841787613693, 0.805620814957768, 0.369714619555102, 0.227997481880444
348,0.00307444121641976,-23.88,0.76,0, 7.95421397816087E-24,-4.776,-3.41345631374638, 0.8, 0, 0.377754619555102, 0, 2.01000000000001, 0, 0.76, 93.1886548887755, 0.00042283328824688, 0.764623427968924, 0.369714619555102, 0.227997481880444
349,0.000885383959924065,-24.67,0.82,0, 4.3726468622187E-24,-4.934,-3.70852462189146, 0.8, 0, 0.372754619555102, 0, 0.760000000000005, 0, 0.82, 93.2486548887755, 0.000117742213427453, 0.790769720691401, 0.369714619555102, 0.227997481880444
350,3.36126903654356E-05,-28.07,0.23,0, 2.39576321053318E-24,-5.614,-4.07829064776334, 0.8, 0, 0.372994619555102, 0, 0.819999999999993, 0, 0.23, 92.6586548887755, 4.47706739965043E-06, 0.789514698640722, 0.369714619555102, 0.227997481880444
351,0,-29.13,0,0, 1.30826502155642E-24,-5.826,-4.41744147016713, 0.8, 0, 0.370634619555102, 0, 0.230000000000004, 0, 0, 92.4286548887755, 0, 0.801855748805731, 0.369714619555102, 0.227997481880444
352,0,-28.79,0.03,0, 7.12032669172652E-25,-5.758,-4.67758285311011, 0.8, 0, 0.369714619555102, 0, 0, 0, 0.03, 92.4586548887755, 0, 0.806666666666667, 0.369714619555102, 0.227997481880444
353,0,-29.35,0.17,0, 3.86239300694948E-25,-5.87,-4.90897673762445, 0.8, 0, 0.369834619555102, 0, 0.0300000000000011, 0, 0.17, 92.5986548887755, 0, 0.806039155641327, 0.369714619555102, 0.227997481880444
354,0,-30.57,0.06,0, 2.08816761331362E-25,-6.114,-5.14281689527271, 0.8, 0, 0.370394619555102, 0, 0.170000000000002, 0, 0.06, 92.4886548887755, 0, 0.80311077085641, 0.369714619555102, 0.227997481880444
355,0,-23.73,0.66,0, 1.12519191029921E-25,-4.746,-5.06581280062549, 0.8, 0, 0.369954619555102, 0, 0.0600000000000023, 0, 0.66, 93.0886548887755, 0, 0.805411644615988, 0.369714619555102, 0.227997481880444
356,0,-27.06,1.54,0, 6.04282751704415E-26,-5.412,-5.13299197616934, 0.8, 0, 0.372354619555102, 0, 0.659999999999997, 0, 1.54, 93.9686548887755, 0, 0.792861424109199, 0.369714619555102, 0.227997481880444
357,0,-37.48,0.02,0, 3.23449248906692E-26,-7.496,-5.59154425982181, 0.8, 0, 0.375874619555102, 0, 1.54000000000001, 0, 0.02, 92.4486548887755, 0, 0.774454434032576, 0.369714619555102, 0.227997481880444
358,0,-27.67,0,0, 1.72553768098117E-26,-5.534,-5.58037753864005, 0.8, 0, 0.369794619555102, 0, 0.019999999999996, 0, 0, 92.4286548887755, 0, 0.806248325983107, 0.369714619555102, 0.227997481880444
359,0,-17.82,1.28,0, 9.17476818207097E-27,-3.564,-5.18909045212815, 0.8, 0, 0.369714619555102, 0, 0, 0, 1.28, 93.7086548887755, 0, 0.806666666666667, 0.369714619555102, 0.227997481880444
360,0,-17.81,0.56,0, 4.86203525676624E-27,-3.562,-4.87334626717062, 0.8, 0, 0.374834619555102, 0, 1.28, 0, 0.56, 92.9886548887755, 0, 0.779892862918851, 0.369714619555102, 0.227997481880444
361,0,-16.63,0.22,0, 2.56799077627697E-27,-3.326,-4.57307679823247, 0.8, 0, 0.371954619555102, 0, 0.560000000000002, 0, 0.22, 92.6486548887755, 0, 0.794953127526997, 0.369714619555102, 0.227997481880444
362,0,-21.66,0.01,0, 1.35182715749955E-27,-4.332,-4.52629476649568, 0.8, 0, 0.370594619555102, 0, 0.219999999999999, 0, 0.01, 92.4386548887755, 0, 0.802064919147511, 0.369714619555102, 0.227997481880444
363,0,-20.06,0,0, 7.0925307294244E-28,-4.012,-4.42649356511643, 0.8, 0, 0.369754619555102, 0, 0.0100000000000051, 0, 0, 92.4286548887755, 0, 0.806457496324887, 0.369714619555102, 0.227997481880444
364,0,-13.33,1.7,0, 3.70880190209401E-28,-2.666,-4.08486190898225, 0.8, 0, 0.369714619555102, 0, 0, 0, 1.7, 94.1286548887755, 0, 0.806666666666667, 0.369714619555102, 0.227997481880444
365,0,-2.92,0.1,0, 1.93294011683886E-28,-0.584,-3.40550398597639, 0.8, 0, 0.376514619555102, 0, 1.7, 0, 0.1, 92.5286548887755, 0, 0.771107708564099, 0.369714619555102, 0.227997481880444
