POLYID,Year,Month,Day,Julian,Tmax,Tmin,Tmean,Precip,Rain,Snow,WindSpeed,Rad,RH
244003,1981,1,1,1,-6.48,-18.41,-12.45,0,0,0,0.63,1.05,84.31
244003,1981,1,2,2,-5.31,-14.38,-9.85,0,0,0,0.62,1.16,90.94
244003,1981,1,3,3,-0.3,-6.31,-3.3,1.16,0,1.16,0.59,1.15,91.62
244003,1981,1,4,4,-0.44,-4.14,-2.29,0,0,0,0.74,1.15,98.81
244003,1981,1,5,5,-2.39,-12.33,-7.36,0,0,0,0.77,1.14,97.44
244003,1981,1,6,6,-11.54,-19.56,-15.55,7.93,0,7.93,0.61,1.29,99.75
244003,1981,1,7,7,-16.2,-19.7,-17.95,2.13,0,2.13,0.52,1.26,99.38
244003,1981,1,8,8,-17.09,-20.66,-18.88,1.21,0,1.21,0.53,1.34,99.5
244003,1981,1,9,9,-12.16,-20.56,-16.36,1.51,0,1.51,0.46,1.32,99.88
244003,1981,1,10,10,-0.54,-12.57,-6.55,0.99,0,0.99,0.52,1.39,98.38
244003,1981,1,11,11,0.02,-4.31,-2.15,0,0,0,0.55,1.41,92.12
244003,1981,1,12,12,-2.24,-6.82,-4.53,0,0,0,0.7,1.46,97.75
244003,1981,1,13,13,-2.91,-7.77,-5.34,0.82,0,0.82,0.63,1.53,86.25
244003,1981,1,14,14,-3.27,-5.28,-4.28,0,0,0,0.59,1.61,87.44
244003,1981,1,15,15,-4.48,-9.6,-7.04,0,0,0,0.68,1.66,75.69
244003,1981,1,16,16,-0.38,-8.04,-4.21,0,0,0,0.81,1.59,70.62
244003,1981,1,17,17,0.81,-10.22,-4.71,0,0,0,0.61,1.63,93.88
244003,1981,1,18,18,-0.61,-8.69,-4.65,0,0,0,0.74,1.75,87
244003,1981,1,19,19,0.62,-0.8,-0.09,0,0,0,0.66,1.76,97.25
244003,1981,1,20,20,0.15,-5.92,-2.88,0.76,0,0.76,0.74,1.96,90.56
244003,1981,1,21,21,-2.05,-5.49,-3.77,2.49,0,2.49,0.67,2,99.56
244003,1981,1,22,22,-0.67,-6.22,-3.44,1.07,0,1.07,0.54,2.09,97.69
244003,1981,1,23,23,-0.28,-2.18,-1.23,0,0,0,0.93,2.16,96.62
244003,1981,1,24,24,-1.66,-13.91,-7.79,0,0,0,0.95,2.03,98.94
244003,1981,1,25,25,-8.74,-14.38,-11.56,0,0,0,0.7,2.41,85.56
244003,1981,1,26,26,-12.24,-17.62,-14.93,0,0,0,0.49,2.37,99.25
244003,1981,1,27,27,-15.22,-21.25,-18.23,0,0,0,0.47,2.52,99.81
244003,1981,1,28,28,-15.1,-20.97,-18.04,0,0,0,0.45,2.54,99.31
244003,1981,1,29,29,-10.6,-19.05,-14.82,0,0,0,0.69,2.59,95.75
244003,1981,1,30,30,-8.1,-18.72,-13.41,0,0,0,0.8,2.69,82.12
244003,1981,1,31,31,-8.13,-16.54,-12.34,0,0,0,0.51,2.8,98.44
244003,1981,2,1,32,-7.6,-12,-9.8,0,0,0,0.86,2.86,95.62
244003,1981,2,2,33,-0.49,-11.92,-6.21,0,0,0,0.98,3.15,98.44
244003,1981,2,3,34,-1.09,-11.53,-6.31,0,0,0,0.87,3.13,97.44
244003,1981,2,4,35,-6.74,-15.05,-10.89,0,0,0,0.63,3.05,94.75
244003,1981,2,5,36,-5.1,-18.2,-11.65,0,0,0,0.87,3.39,97.31
244003,1981,2,6,37,-16.85,-22.32,-19.59,0,0,0,0.72,3.83,98
244003,1981,2,7,38,-3.17,-21.01,-12.09,1.81,0,1.81,0.88,3.51,99.31
244003,1981,2,8,39,-19.67,-29.64,-24.66,0,0,0,0.66,3.95,96.12
244003,1981,2,9,40,-19.65,-30.74,-25.2,0,0,0,0.89,3.92,91.75
244003,1981,2,10,41,-19.87,-24.56,-22.21,1.89,0,1.89,0.62,4.08,98.81
244003,1981,2,11,42,-19.64,-24.31,-21.98,2.75,0,2.75,0.61,4.13,98.88
244003,1981,2,12,43,-21.94,-26.89,-24.41,1.64,0,1.64,0.41,4,98.88
244003,1981,2,13,44,-17.63,-25.82,-21.73,6.67,0,6.67,0.55,4.26,99.44
244003,1981,2,14,45,-16.17,-18.58,-17.38,4.13,0,4.13,0.65,4.43,99.75
244003,1981,2,15,46,-0.92,-18.77,-9.85,0,0,0,0.55,4.84,98.88
244003,1981,2,16,47,-7.69,-22.85,-15.27,0,0,0,0.57,5.01,99.69
244003,1981,2,17,48,-1.55,-23.12,-12.34,0,0,0,0.55,5.27,99.44
244003,1981,2,18,49,-2.76,-27.22,-14.99,2.31,0,2.31,0.76,5.41,99.38
244003,1981,2,19,50,-16.86,-20.46,-18.66,3.68,0,3.68,0.66,5.1,99.62
244003,1981,2,20,51,-12.29,-22.04,-17.16,0,0,0,0.45,5.91,99.19
244003,1981,2,21,52,-0.9,-14.18,-7.54,0,0,0,0.45,5.59,99.94
244003,1981,2,22,53,0.13,-7.34,-3.6,0,0,0,1.38,5.79,97.25
244003,1981,2,23,54,-7.73,-14.58,-11.16,0,0,0,0.73,6.04,99.06
244003,1981,2,24,55,-9.72,-16.85,-13.29,0,0,0,0.33,6.38,99.31
244003,1981,2,25,56,-7.34,-14.6,-10.97,0,0,0,0.4,6.49,99.5
244003,1981,2,26,57,-6.31,-12.83,-9.57,0,0,0,0.44,6.69,97.75
244003,1981,2,27,58,-2.5,-14.71,-8.61,0,0,0,0.62,6.36,95.56
244003,1981,2,28,59,-3.6,-12.6,-8.1,0,0,0,0.41,7.6,99.69
244003,1981,3,1,60,-2.16,-12.93,-7.54,0,0,0,0.52,7.06,95.19
244003,1981,3,2,61,-0.18,-7.99,-4.08,0,0,0,0.45,6.96,99.38
244003,1981,3,3,62,-0.35,-6.42,-3.38,1.61,0,1.61,0.41,7.66,98.69
244003,1981,3,4,63,-5.19,-11.47,-8.33,2.67,0,2.67,0.62,7.62,98.44
244003,1981,3,5,64,-4.21,-13.2,-8.71,0,0,0,0.57,8.21,96
244003,1981,3,6,65,-8.95,-17.91,-13.43,0,0,0,0.59,7.86,96.44
244003,1981,3,7,66,-4.52,-17.35,-10.94,0,0,0,0.44,8.5,99.88
244003,1981,3,8,67,0.05,-10.02,-4.98,0,0,0,0.44,9.14,97.75
244003,1981,3,9,68,2.58,-6.31,-1.86,0,0,0,0.6,9.14,89.38
244003,1981,3,10,69,0.36,-2.78,-1.21,0,0,0,0.6,8.85,97.06
244003,1981,3,11,70,2.58,-5.13,-1.27,0,0,0,0.65,9,90.19
244003,1981,3,12,71,1.19,-6.74,-2.78,0,0,0,0.51,9.68,88.75
244003,1981,3,13,72,0.3,-6.45,-3.08,0,0,0,0.47,10,97.25
244003,1981,3,14,73,1.15,-7.58,-3.21,0,0,0,0.45,9.57,93.94
244003,1981,3,15,74,1.78,-7.97,-3.09,0,0,0,0.45,11.17,91.69
244003,1981,3,16,75,0.15,-5.13,-2.49,0,0,0,0.62,11.19,98.25
244003,1981,3,17,76,1.08,-8.46,-3.69,0,0,0,0.48,10.46,95.81
244003,1981,3,18,77,-3.75,-11.47,-7.61,0,0,0,0.47,10.26,98.12
244003,1981,3,19,78,-10.54,-17.43,-13.98,0,0,0,0.45,11.32,97.19
244003,1981,3,20,79,-11.56,-18.88,-15.22,0,0,0,0.48,10.75,95.62
244003,1981,3,21,80,-12.77,-21.17,-16.97,0,0,0,0.41,11.29,96.94
244003,1981,3,22,81,-9.6,-19.21,-14.41,0,0,0,0.38,11.77,97
244003,1981,3,23,82,-2.74,-13.69,-8.21,1.55,0,1.55,0.3,12.2,97.94
244003,1981,3,24,83,0.29,-10.77,-5.24,0,0,0,0.29,11.79,98.56
244003,1981,3,25,84,-2.62,-9.45,-6.04,2.47,0,2.47,0.39,11.85,98.06
244003,1981,3,26,85,-2.2,-11.94,-7.07,0,0,0,0.3,11.82,96.25
244003,1981,3,27,86,1.76,-6.7,-2.47,0,0,0,0.33,13.18,96.75
244003,1981,3,28,87,-0.36,-7.2,-3.78,9.74,0,9.74,0.48,13.53,94.06
244003,1981,3,29,88,-2.24,-6.66,-4.45,5.46,0,5.46,0.34,14.24,98.38
244003,1981,3,30,89,-1.52,-9.13,-5.33,2.05,0,2.05,0.28,13.02,97.31
244003,1981,3,31,90,0.07,-8.46,-4.2,1.91,0,1.91,0.33,12.8,96.69
244003,1981,4,1,91,1.36,-5.84,-2.24,0,0,0,0.37,14.46,93.5
244003,1981,4,2,92,1.83,-6.51,-2.34,0,0,0,0.31,13.51,92.81
244003,1981,4,3,93,1.58,-5.57,-2,0,0,0,0.38,14.5,94.25
244003,1981,4,4,94,2.1,-8.21,-3.06,0,0,0,0.26,15.17,89.56
244003,1981,4,5,95,1.21,-5.93,-2.36,0,0,0,0.45,15.9,92.56
244003,1981,4,6,96,0.99,-10.73,-4.87,0,0,0,0.52,15.83,89.12
244003,1981,4,7,97,0.6,-8.73,-4.07,0,0,0,0.39,14.91,86.88
244003,1981,4,8,98,0.76,-7.37,-3.31,0,0,0,0.31,14.03,90.19
244003,1981,4,9,99,-3.52,-8.88,-6.2,0,0,0,0.48,16.19,90.31
244003,1981,4,10,100,-9.64,-15.98,-12.81,0,0,0,0.52,16.1,89.19
244003,1981,4,11,101,-9.7,-18.61,-14.15,0,0,0,0.52,16.5,89
244003,1981,4,12,102,-9.14,-19.2,-14.17,0,0,0,0.42,14.99,87.75
244003,1981,4,13,103,-3.69,-14.9,-9.29,0,0,0,0.37,16.18,86.62
244003,1981,4,14,104,-8.41,-11.44,-9.93,10.35,0,10.35,0.34,17.25,94.56
244003,1981,4,15,105,-9.27,-12.41,-10.84,8.37,0,8.37,0.31,17.24,95.62
244003,1981,4,16,106,-6.77,-12.68,-9.72,7.13,0,7.13,0.31,17.79,96.5
244003,1981,4,17,107,-2.64,-13.68,-8.16,0,0,0,0.31,17.77,97.75
244003,1981,4,18,108,1.16,-10.95,-4.89,0,0,0,0.25,18.23,96.31
244003,1981,4,19,109,7.17,-6.27,0.45,0,0,0,0.26,18.4,91.38
244003,1981,4,20,110,9.77,-3.7,3.03,0,0,0,0.34,18.91,74.5
244003,1981,4,21,111,8.49,-2.48,3,0,0,0,0.27,17.58,79.62
244003,1981,4,22,112,11.4,-3.24,4.08,0,0,0,0.18,17.28,74.88
244003,1981,4,23,113,10.71,-1.04,4.84,0,0,0,0.18,18.2,77.12
244003,1981,4,24,114,1.39,-1.31,0.04,33.42,33.42,0,0.24,17.88,97.31
244003,1981,4,25,115,0.25,-2.55,-1.15,22.44,0,22.44,0.31,18.8,98.19
244003,1981,4,26,116,0.66,-3.43,-1.39,8.52,0,8.52,0.27,18.85,97.69
244003,1981,4,27,117,3.12,-5.65,-1.27,0,0,0,0.25,18.98,91.12
244003,1981,4,28,118,1.34,-0.46,0.44,12.63,12.63,0,0.14,19.7,96.75
244003,1981,4,29,119,8.82,-4.43,2.2,0,0,0,0.3,20.31,83.81
244003,1981,4,30,120,11.69,-2.01,4.84,0,0,0,0.29,18.96,78.56
244003,1981,5,1,121,4.36,1.55,2.96,27.76,27.76,0,0.11,18.73,96.31
244003,1981,5,2,122,7.97,-1.35,3.31,4.4,4.4,0,0.3,18.41,86.38
244003,1981,5,3,123,14.71,-2.56,6.08,0,0,0,0.16,18.99,73.5
244003,1981,5,4,124,17.25,-1.57,7.84,0,0,0,0.14,18.24,61.5
244003,1981,5,5,125,17.52,1.09,9.3,0,0,0,0.2,19.09,62.62
244003,1981,5,6,126,19.24,1.71,10.47,0,0,0,0.09,19.56,68.56
244003,1981,5,7,127,17.9,3.86,10.88,6.38,6.38,0,0.1,20.92,74
244003,1981,5,8,128,8.48,-0.83,3.83,4.69,4.69,0,0.13,21.05,80.44
244003,1981,5,9,129,15,-1.72,6.64,0,0,0,0.19,20.42,71.62
244003,1981,5,10,130,16.29,2.65,9.47,0,0,0,0.12,20.59,69.88
244003,1981,5,11,131,16.26,3.29,9.78,0,0,0,0.06,21.49,71.69
244003,1981,5,12,132,16.59,4.13,10.36,0,0,0,0.08,20.52,70.19
244003,1981,5,13,133,5.94,1.54,3.74,4.13,4.13,0,0.05,19.8,85.19
244003,1981,5,14,134,7.48,0.27,3.88,5.69,5.69,0,0.09,19,85.19
244003,1981,5,15,135,15.9,-0.67,7.62,0,0,0,0.12,20.25,73.19
244003,1981,5,16,136,19.51,3.76,11.64,0,0,0,0.17,19.7,72.19
244003,1981,5,17,137,21.08,7.36,14.22,0,0,0,0.17,20.24,70.5
244003,1981,5,18,138,19.9,7.94,13.92,3.81,3.81,0,0.12,20.49,73.81
244003,1981,5,19,139,20.19,5.89,13.04,0,0,0,0.02,19.91,71.5
244003,1981,5,20,140,22.72,5.35,14.04,0,0,0,0.15,19.4,61.12
244003,1981,5,21,141,22.4,9.21,15.8,0,0,0,0.15,20.5,68.81
244003,1981,5,22,142,18.05,6.62,12.34,6.68,6.68,0,0.07,22.63,81.69
244003,1981,5,23,143,19.72,5.7,12.71,0,0,0,0.26,21.84,66.69
244003,1981,5,24,144,22.16,8.08,15.12,0,0,0,0.2,21.5,76
244003,1981,5,25,145,23.58,9.76,16.67,0,0,0,0.08,21.52,76.75
244003,1981,5,26,146,24.56,11.39,17.98,5.14,5.14,0,0,21.99,76.5
244003,1981,5,27,147,14.47,9.33,11.9,21.52,21.52,0,0.02,20.21,91.19
244003,1981,5,28,148,23.68,8.08,15.88,0,0,0,0.14,20.69,69.56
244003,1981,5,29,149,20.76,8.75,14.76,0,0,0,0.03,20.64,76.12
244003,1981,5,30,150,20.09,9.95,15.02,0,0,0,0.01,20.39,77.69
244003,1981,5,31,151,20.65,9.15,14.9,0,0,0,0.1,21.07,67.19
244003,1981,6,1,152,22.51,7.22,14.87,0,0,0,0.15,21.47,64.69
244003,1981,6,2,153,17.11,10.03,13.57,0,0,0,0.02,22.16,70.75
244003,1981,6,3,154,20.34,7.3,13.82,0,0,0,0,22.24,67.19
244003,1981,6,4,155,11.49,5.61,8.55,17.6,17.6,0,0,20.67,82.5
244003,1981,6,5,156,18.58,2.75,10.66,0,0,0,0,18.93,64.81
244003,1981,6,6,157,16.49,7.94,12.21,2.55,2.55,0,0.01,19.46,78.88
244003,1981,6,7,158,14.44,5.4,9.92,0,0,0,0.04,18.77,71.06
244003,1981,6,8,159,15.28,3.73,9.5,0,0,0,0.03,21.56,67.12
244003,1981,6,9,160,13.04,6.87,9.96,6.12,6.12,0,0.21,21.47,82.62
244003,1981,6,10,161,17.43,6.94,12.19,0,0,0,0.24,22.42,68.5
244003,1981,6,11,162,18.1,6.94,12.52,0,0,0,0.24,22.53,64.88
244003,1981,6,12,163,20.23,8.25,14.24,0,0,0,0.11,22.57,66.56
244003,1981,6,13,164,19.9,9.11,14.5,0,0,0,0.12,22.83,66.25
244003,1981,6,14,165,16.98,9.76,13.37,1.45,1.45,0,0.11,23.25,73
244003,1981,6,15,166,14.31,8.18,11.25,3.98,3.98,0,0.12,21.18,72.31
244003,1981,6,16,167,16.46,5.72,11.09,0,0,0,0.12,23.82,62.44
244003,1981,6,17,168,15.08,7.21,11.14,2.84,2.84,0,0.2,23.85,67.19
244003,1981,6,18,169,17.23,5.55,11.39,2.23,2.23,0,0.06,23.45,69.38
244003,1981,6,19,170,15.8,6,10.9,1.96,1.96,0,0,22.67,72.5
244003,1981,6,20,171,13.64,7.45,10.54,3.14,3.14,0,0.05,23.08,88
244003,1981,6,21,172,18.05,7.69,12.87,1.71,1.71,0,0.11,23.74,74.12
244003,1981,6,22,173,19.47,8.15,13.81,0,0,0,0.17,19.74,67.12
244003,1981,6,23,174,18.45,7.9,13.18,1.33,1.33,0,0.04,23.13,70.88
244003,1981,6,24,175,18.85,8.57,13.71,0,0,0,0,22.16,66.44
244003,1981,6,25,176,17.93,6.45,12.19,1.39,1.39,0,0.01,21.92,70
244003,1981,6,26,177,17.23,8.51,12.87,0,0,0,0,22,69.62
244003,1981,6,27,178,18.66,7.91,13.29,0,0,0,0,23.68,71.56
244003,1981,6,28,179,17.26,8.8,13.03,0,0,0,0.13,22.06,59
244003,1981,6,29,180,16.94,7.83,12.39,1.51,1.51,0,0.11,20.13,69.75
244003,1981,6,30,181,19.5,8.12,13.81,0,0,0,0,18.48,60.75
244003,1981,7,1,182,22.68,11.01,16.84,1.56,1.56,0,0.12,17.84,59.06
244003,1981,7,2,183,21.28,9.87,15.57,0,0,0,0,18.11,68.38
244003,1981,7,3,184,17.86,9.4,13.63,0,0,0,0,20.92,57.12
244003,1981,7,4,185,17.87,7.9,12.89,0,0,0,0.05,20.42,57.62
244003,1981,7,5,186,19.39,7.76,13.57,0,0,0,0.21,19.62,63.06
244003,1981,7,6,187,19.07,7.63,13.35,0,0,0,0,19.33,58.38
244003,1981,7,7,188,17.55,6.81,12.18,3.48,3.48,0,0,20.34,70.88
244003,1981,7,8,189,18.7,8.35,13.52,1.13,1.13,0,0,20.39,63.44
244003,1981,7,9,190,20.35,7.49,13.92,0,0,0,0,20.26,65.94
244003,1981,7,10,191,23.31,9.51,16.41,0,0,0,0.03,20.88,73.56
244003,1981,7,11,192,31.6,12.39,22,0,0,0,0.13,20.88,63.69
244003,1981,7,12,193,24.56,13.94,19.25,0,0,0,0,20.26,67.25
244003,1981,7,13,194,20.43,12.68,16.55,3.13,3.13,0,0,18.43,77.81
244003,1981,7,14,195,21.43,10.54,15.98,1.38,1.38,0,0.01,19.76,75.94
244003,1981,7,15,196,25.67,9.88,17.78,0,0,0,0.12,20.67,68.06
244003,1981,7,16,197,35.42,12.47,23.95,0,0,0,0.13,18.97,60.75
244003,1981,7,17,198,29.68,15.36,22.52,0,0,0,0.14,19.37,67.44
244003,1981,7,18,199,23.44,17.62,20.53,2.57,2.57,0,0.1,20.07,83.88
244003,1981,7,19,200,24.43,14.01,19.22,18.62,18.62,0,0.18,20.54,79.19
244003,1981,7,20,201,24.15,12.69,18.42,2.46,2.46,0,0.01,20.48,76.38
244003,1981,7,21,202,21.5,13.39,17.45,2.69,2.69,0,0.01,20.41,78.25
244003,1981,7,22,203,20.26,10.32,15.29,2.16,2.16,0,0.02,19.96,76.88
244003,1981,7,23,204,21.81,8.24,15.02,0,0,0,0.04,20.37,70.12
244003,1981,7,24,205,23.51,8.77,16.14,0,0,0,0.03,21.4,69.94
244003,1981,7,25,206,23.45,11.33,17.39,1.2,1.2,0,0.05,20.59,78.75
244003,1981,7,26,207,23.19,13.58,18.39,0,0,0,0,17.92,63
244003,1981,7,27,208,21.15,11.97,16.56,4.2,4.2,0,0,20.56,73.81
244003,1981,7,28,209,18.48,10.37,14.43,4.64,4.64,0,0.12,19.94,80.75
244003,1981,7,29,210,25.16,8.32,16.74,0,0,0,0.22,18.65,63.94
244003,1981,7,30,211,23.15,12.07,17.61,0,0,0,0.08,19.27,69.56
244003,1981,7,31,212,20.69,12.22,16.46,1.7,1.7,0,0.06,17.87,77.56
244003,1981,8,1,213,23.9,11.38,17.64,0,0,0,0.07,19.06,70.62
244003,1981,8,2,214,24,11.98,17.99,1.06,1.06,0,0.05,18.72,69.44
244003,1981,8,3,215,24.98,12.85,18.91,0,0,0,0.11,20.43,62.88
244003,1981,8,4,216,22.83,12.79,17.81,1.79,1.79,0,0.11,19.93,74.81
244003,1981,8,5,217,24.04,12.51,18.27,1,1,0,0.04,19.39,75.12
244003,1981,8,6,218,25.58,12.19,18.88,0,0,0,0,18.85,68.19
244003,1981,8,7,219,28.08,13.31,20.7,0,0,0,0.09,15.45,68.38
244003,1981,8,8,220,33.54,14.55,24.05,0,0,0,0.23,17.07,65.12
244003,1981,8,9,221,29.46,15.47,22.46,0,0,0,0.02,16.4,65.38
244003,1981,8,10,222,24.38,12.69,18.54,0,0,0,0,18.08,61.06
244003,1981,8,11,223,27.91,11.15,19.53,2.02,2.02,0,0.03,18.84,64.31
244003,1981,8,12,224,22.12,11.69,16.91,0,0,0,0.17,18.3,55.19
244003,1981,8,13,225,27.67,10.02,18.84,0,0,0,0.17,17.94,58.69
244003,1981,8,14,226,26.75,11.58,19.16,0,0,0,0.02,17.45,62.81
244003,1981,8,15,227,22.52,11.35,16.93,0,0,0,0.11,16.01,58.69
244003,1981,8,16,228,25,9.15,17.07,0,0,0,0.03,16.89,59.5
244003,1981,8,17,229,22.02,10.15,16.09,0,0,0,0.03,17.35,56.38
244003,1981,8,18,230,21.97,9.34,15.65,0,0,0,0.09,15.79,69.69
244003,1981,8,19,231,21.37,11.75,16.56,9.12,9.12,0,0.1,15.02,80.94
244003,1981,8,20,232,23.14,9.51,16.32,0,0,0,0.18,14.58,63.06
244003,1981,8,21,233,24.65,9.47,17.06,0,0,0,0.17,14.86,62.06
244003,1981,8,22,234,22.65,9.96,16.3,0,0,0,0,15.76,62.94
244003,1981,8,23,235,22.17,7.24,14.71,1.85,1.85,0,0.02,15.48,61.5
244003,1981,8,24,236,20.92,10.84,15.88,1.75,1.75,0,0,15.15,83.06
244003,1981,8,25,237,24.26,10.96,17.61,0,0,0,0.09,14.71,79.5
244003,1981,8,26,238,22.87,12.52,17.7,4.32,4.32,0,0.14,15.23,86.44
244003,1981,8,27,239,19.55,9.37,14.46,20.7,20.7,0,0,13.12,88.12
244003,1981,8,28,240,13.2,2.7,7.95,2.9,2.9,0,0.06,12.94,85.06
244003,1981,8,29,241,7.22,1.47,4.34,3.82,3.82,0,0.03,14.38,86.75
244003,1981,8,30,242,11.37,-0.14,5.61,0,0,0,0.05,13.04,79.38
244003,1981,8,31,243,18.59,3.44,11.02,0.96,0.96,0,0.08,12.58,77.06
244003,1981,9,1,244,8.21,0.57,4.39,1.54,1.54,0,0.06,14.92,71.56
244003,1981,9,2,245,12.65,-1.1,5.78,0,0,0,0.07,12.76,61.81
244003,1981,9,3,246,12.11,1.78,6.94,0,0,0,0.24,13.28,72.25
244003,1981,9,4,247,17.81,2.48,10.14,0,0,0,0.31,12.41,70
244003,1981,9,5,248,16.55,4.64,10.6,0.65,0.65,0,0.27,11.93,74.19
244003,1981,9,6,249,19.76,5.48,12.62,0,0,0,0.11,11.85,82.38
244003,1981,9,7,250,26.33,8.83,17.58,0,0,0,0.09,11.66,76.25
244003,1981,9,8,251,22.39,10.53,16.46,0,0,0,0.01,12.88,74.38
244003,1981,9,9,252,16.55,9.37,12.96,8.19,8.19,0,0,12,87.19
244003,1981,9,10,253,19.72,6.57,13.14,0,0,0,0,11.31,69.88
244003,1981,9,11,254,16.8,7.36,12.08,0,0,0,0.01,11.26,63.38
244003,1981,9,12,255,15.33,5.76,10.54,0,0,0,0,12.47,59.62
244003,1981,9,13,256,16.98,3.58,10.28,0,0,0,0.24,11.7,57.38
244003,1981,9,14,257,13.09,2.27,7.68,1.86,1.86,0,0.14,10.29,69.12
244003,1981,9,15,258,19.45,6.8,13.12,3.05,3.05,0,0.16,10.16,84.25
244003,1981,9,16,259,18.54,9.02,13.78,0,0,0,0.25,9.29,78.56
244003,1981,9,17,260,15.06,7.61,11.34,0.91,0.91,0,0.16,11.45,82.31
244003,1981,9,18,261,16.4,6.01,11.2,0.83,0.83,0,0.12,10.34,82.81
244003,1981,9,19,262,13.71,5.76,9.73,0,0,0,0,10.58,73.56
244003,1981,9,20,263,14.37,3.51,8.94,0,0,0,0.06,10.46,68.56
244003,1981,9,21,264,12.94,-0.1,6.42,0,0,0,0.12,9.82,78.38
244003,1981,9,22,265,13.67,1.44,7.55,0,0,0,0.16,9.39,78.19
244003,1981,9,23,266,13.23,1.67,7.45,0.77,0.77,0,0.21,8.49,78.25
244003,1981,9,24,267,13.93,-0.19,6.87,0,0,0,0.25,8.87,70.06
244003,1981,9,25,268,14.01,0.14,7.08,0,0,0,0.27,9.27,65.31
244003,1981,9,26,269,14.11,1.55,7.83,0,0,0,0.16,9.69,63.94
244003,1981,9,27,270,13.08,-1.72,5.68,0,0,0,0,8.95,73.31
244003,1981,9,28,271,10.63,-0.03,5.3,2.55,2.55,0,0.07,8.43,84.25
244003,1981,9,29,272,12.43,-1.02,5.71,0,0,0,0.03,7.59,78.62
244003,1981,9,30,273,10.65,0.38,5.52,1.43,1.43,0,0.01,7.2,82.81
244003,1981,10,1,274,8.83,0.26,4.54,0,0,0,0,7.76,63
244003,1981,10,2,275,5.17,0.06,2.61,0,0,0,0,7.26,69.06
244003,1981,10,3,276,3.84,-2.77,0.53,0,0,0,0.18,7.14,70.12
244003,1981,10,4,277,6.53,-3.12,1.71,0,0,0,0.23,6.77,82.31
244003,1981,10,5,278,5.86,-3.24,1.31,0,0,0,0.09,7.02,79.25
244003,1981,10,6,279,6.6,-1.17,2.71,0,0,0,0.12,7.07,84.06
244003,1981,10,7,280,0.92,-1.58,-0.33,19.98,0,19.98,0.05,6.8,97.31
244003,1981,10,8,281,1.39,-1.99,-0.3,5.46,0,5.46,0.11,7.27,97.88
244003,1981,10,9,282,-0.38,-2.84,-1.61,12.87,0,12.87,0,6.92,98.5
244003,1981,10,10,283,0.09,-2.98,-1.45,7.71,0,7.71,0,7.07,99.38
244003,1981,10,11,284,0.58,-3.52,-1.47,0,0,0,0.12,7.02,98.94
244003,1981,10,12,285,1.76,-3.8,-1.02,0,0,0,0.11,6.22,98.12
244003,1981,10,13,286,9.63,0.37,5,0,0,0,0.2,5.27,98
244003,1981,10,14,287,12.02,3.98,8,0,0,0,0.05,6.1,96.31
244003,1981,10,15,288,9.65,3.33,6.49,0,0,0,0.08,5.71,93.75
244003,1981,10,16,289,9.81,1.73,5.77,0,0,0,0.05,5.08,76.19
244003,1981,10,17,290,4.19,0.3,2.25,0,0,0,0.03,4.99,91.44
244003,1981,10,18,291,8.58,1.67,5.12,3.53,3.53,0,0.07,4.39,75.25
244003,1981,10,19,292,2.75,-4.31,-0.78,0,0,0,0.18,4.67,79.75
244003,1981,10,20,293,1.47,-4.56,-1.54,0,0,0,0.23,4.53,80.75
244003,1981,10,21,294,0.51,-4.27,-1.88,0,0,0,0.15,4.61,80.69
244003,1981,10,22,295,4.47,-3.35,0.56,0,0,0,0.09,4.27,88.88
244003,1981,10,23,296,3.04,0.32,1.68,7.12,7.12,0,0.25,4.49,98.69
244003,1981,10,24,297,1.42,-1.63,-0.1,7.85,0,7.85,0.1,4.51,97.81
244003,1981,10,25,298,-2.02,-12.33,-7.17,22.32,0,22.32,0.13,4.04,95.75
244003,1981,10,26,299,-7.1,-12.99,-10.04,0,0,0,0.2,3.73,96.38
244003,1981,10,27,300,-4.95,-12.04,-8.49,6.71,0,6.71,0.31,4.14,98.81
244003,1981,10,28,301,-5.53,-13.05,-9.29,6.45,0,6.45,0.16,4.17,100
244003,1981,10,29,302,-3.38,-12.85,-8.12,0,0,0,0.39,4.02,99.5
244003,1981,10,30,303,0.01,-11.46,-5.73,0,0,0,0.22,3.91,99.81
244003,1981,10,31,304,0.01,-8.53,-4.26,0,0,0,0.23,3.47,99.25
244003,1981,11,1,305,-0.46,-10.67,-5.57,0,0,0,0.13,3.86,99.44
244003,1981,11,2,306,-2.89,-8.53,-5.71,2.1,0,2.1,0.22,3.52,97.5
244003,1981,11,3,307,-4.33,-7.24,-5.79,11.71,0,11.71,0.22,3.23,99.88
244003,1981,11,4,308,-0.6,-11.38,-5.99,2.05,0,2.05,0.22,3.26,99.81
244003,1981,11,5,309,1.91,-2.28,-0.18,0,0,0,0.39,2.97,97.19
244003,1981,11,6,310,-0.25,-7.99,-4.12,0,0,0,0.47,2.95,95.12
244003,1981,11,7,311,-3.84,-13.02,-8.43,0,0,0,0.59,2.83,91.75
244003,1981,11,8,312,-3.6,-12.24,-7.92,0,0,0,0.3,2.98,92.12
244003,1981,11,9,313,2.03,-7.08,-2.53,0,0,0,0.35,2.77,95.81
244003,1981,11,10,314,-2.37,-7.27,-4.82,0,0,0,0.17,2.5,100
244003,1981,11,11,315,-3.52,-6.95,-5.24,0,0,0,0.23,2.74,100
244003,1981,11,12,316,0.02,-7.46,-3.72,0,0,0,0.39,2.35,98.75
244003,1981,11,13,317,-3.19,-15.12,-9.15,0,0,0,0.32,2.34,98.19
244003,1981,11,14,318,-16.06,-19.58,-17.82,0,0,0,0.26,2.23,99.62
244003,1981,11,15,319,-13.34,-17.17,-15.26,2.8,0,2.8,0.22,2.16,99.62
244003,1981,11,16,320,-12.99,-17.88,-15.43,0,0,0,0.41,2.32,99.88
244003,1981,11,17,321,-11.77,-17.66,-14.71,2.38,0,2.38,0.3,2.16,99.69
244003,1981,11,18,322,-14.39,-18.93,-16.66,0,0,0,0.38,1.94,99.81
244003,1981,11,19,323,-16.47,-18.77,-17.62,2.64,0,2.64,0.18,1.84,100
244003,1981,11,20,324,-14.65,-18.69,-16.67,0,0,0,0.25,1.87,99.88
244003,1981,11,21,325,-16.42,-17.38,-16.9,6.11,0,6.11,0.41,1.73,99.44
244003,1981,11,22,326,-17.35,-20.88,-19.12,0,0,0,0.31,1.84,99.38
244003,1981,11,23,327,-16.1,-20.1,-18.1,0,0,0,0.24,1.73,99.69
244003,1981,11,24,328,-11.34,-18.02,-14.68,0,0,0,0.61,1.72,97.88
244003,1981,11,25,329,-5.88,-16.35,-11.12,1.68,0,1.68,0.36,1.53,99.94
244003,1981,11,26,330,-14.98,-21.72,-18.35,0,0,0,0.69,1.59,97.25
244003,1981,11,27,331,-1.02,-17.57,-9.29,2.33,0,2.33,0.3,1.56,99.88
244003,1981,11,28,332,0.2,-5.14,-2.47,3.68,0,3.68,0.39,1.57,98.81
244003,1981,11,29,333,-5.42,-11.06,-8.24,3.95,0,3.95,0.52,1.38,96.81
244003,1981,11,30,334,-7.15,-15.8,-11.48,0,0,0,0.47,1.41,99.62
244003,1981,12,1,335,-7.81,-15.42,-11.62,1.62,0,1.62,0.29,1.28,99.75
244003,1981,12,2,336,-4.7,-12.29,-8.49,0,0,0,0.67,1.22,98.81
244003,1981,12,3,337,-7.04,-14.6,-10.82,0,0,0,0.66,1.28,91.81
244003,1981,12,4,338,-10.92,-19.14,-15.03,1.31,0,1.31,0.62,1.17,94.44
244003,1981,12,5,339,-15.08,-16.6,-15.84,8.08,0,8.08,0.5,1.17,99.88
244003,1981,12,6,340,-13.77,-20.74,-17.25,2.49,0,2.49,0.48,1.12,98.31
244003,1981,12,7,341,-18.77,-25.1,-21.94,0,0,0,0.77,1.13,99.06
244003,1981,12,8,342,-20.93,-25.61,-23.27,0,0,0,0.72,1.05,99.81
244003,1981,12,9,343,-20.6,-23.17,-21.89,0,0,0,0.48,1.02,96.81
244003,1981,12,10,344,-21.06,-23.28,-22.17,2.19,0,2.19,0.49,1.06,99.31
244003,1981,12,11,345,-18.06,-22.32,-20.19,0,0,0,0.61,1.01,99.38
244003,1981,12,12,346,-20.85,-27.06,-23.95,0,0,0,0.76,1.01,99.56
244003,1981,12,13,347,-22.42,-30.81,-26.62,0,0,0,0.62,1.03,99.12
244003,1981,12,14,348,-23.4,-31.06,-27.23,0,0,0,0.48,1.02,99.56
244003,1981,12,15,349,-15.37,-22.67,-19.02,0,0,0,0.88,0.93,97.88
244003,1981,12,16,350,-7.09,-14.85,-10.97,0,0,0,0.8,0.92,89.44
244003,1981,12,17,351,-6.81,-14.13,-10.47,0,0,0,0.48,0.96,88.19
244003,1981,12,18,352,-6.17,-13.95,-10.06,0,0,0,0.56,0.97,98.94
244003,1981,12,19,353,-9.23,-12.7,-10.96,3.21,0,3.21,0.36,1.02,99.5
244003,1981,12,20,354,-3.79,-9.12,-6.46,1.25,0,1.25,0.64,0.98,99.19
244003,1981,12,21,355,-3.71,-8.68,-6.2,1.77,0,1.77,0.81,1,98.25
244003,1981,12,22,356,-9.67,-16.6,-13.14,0,0,0,0.69,0.98,99.44
244003,1981,12,23,357,-16.7,-24.78,-20.74,0,0,0,0.8,0.93,96.56
244003,1981,12,24,358,-21.88,-25.26,-23.57,0,0,0,0.41,0.96,95.62
244003,1981,12,25,359,-7.89,-22.22,-15.05,0,0,0,0.69,0.96,99.81
244003,1981,12,26,360,-21.6,-26.2,-23.9,1.86,0,1.86,0.54,0.99,98.81
244003,1981,12,27,361,-26.8,-35.68,-31.24,0,0,0,0.54,1,98.88
244003,1981,12,28,362,-29.18,-35.81,-32.5,0,0,0,0.52,1,99.38
244003,1981,12,29,363,-30.45,-36.76,-33.6,0,0,0,0.66,1.04,94.25
244003,1981,12,30,364,-28,-35.58,-31.79,0,0,0,0.54,1.09,98.62
244003,1981,12,31,365,-34.31,-39.21,-36.76,0,0,0,0.6,1.09,99.31
244007,1981,1,1,1,-4.54,-17.99,-11.26,0,0,0,0.51,1.05,82.94
244007,1981,1,2,2,-3.03,-11.81,-7.42,0,0,0,0.47,1.16,89.38
244007,1981,1,3,3,0.19,-5.09,-2.45,1.18,0,1.18,0.55,1.15,94.44
244007,1981,1,4,4,-0.65,-3.25,-1.95,0,0,0,0.93,1.15,97.75
244007,1981,1,5,5,-2.65,-11.79,-7.22,0,0,0,0.77,1.14,94.25
244007,1981,1,6,6,-11.52,-17.31,-14.41,8.35,0,8.35,0.49,1.29,99.12
244007,1981,1,7,7,-15.87,-17.9,-16.88,2.02,0,2.02,0.35,1.26,99.94
244007,1981,1,8,8,-17.27,-21.38,-19.32,1.15,0,1.15,0.34,1.34,99.88
244007,1981,1,9,9,-10.67,-21.24,-15.95,1.57,0,1.57,0.41,1.32,100
244007,1981,1,10,10,-0.03,-10.92,-5.47,1.06,0,1.06,0.63,1.39,94.19
244007,1981,1,11,11,1.27,-4.44,-1.59,0,0,0,0.59,1.41,90.44
244007,1981,1,12,12,-2.32,-5.67,-4,0,0,0,0.79,1.46,96
244007,1981,1,13,13,-2.51,-7.82,-5.17,0.92,0,0.92,0.7,1.53,86.38
244007,1981,1,14,14,-1.77,-5.34,-3.55,0,0,0,0.56,1.61,88.12
244007,1981,1,15,15,-3.48,-7.75,-5.62,0,0,0,0.91,1.66,77.19
244007,1981,1,16,16,0.56,-7.11,-3.28,0,0,0,1.05,1.59,72.62
244007,1981,1,17,17,0.84,-9.24,-4.2,0,0,0,0.73,1.63,90.81
244007,1981,1,18,18,0.07,-7.75,-3.84,0,0,0,0.63,1.75,87.12
244007,1981,1,19,19,0.76,-1.89,-0.56,0,0,0,0.6,1.76,95.69
244007,1981,1,20,20,-0.38,-6.12,-3.25,0,0,0,0.68,1.96,91.5
244007,1981,1,21,21,-2.59,-6.37,-4.48,2.76,0,2.76,0.5,2,99.19
244007,1981,1,22,22,-0.69,-6.2,-3.45,1.3,0,1.3,0.42,2.09,94.25
244007,1981,1,23,23,-0.6,-2.95,-1.78,0,0,0,0.91,2.16,96.81
244007,1981,1,24,24,-2.35,-12.01,-7.18,0,0,0,0.98,2.03,98.62
244007,1981,1,25,25,-7.96,-13.43,-10.7,0,0,0,0.72,2.41,87.19
244007,1981,1,26,26,-11.5,-18.01,-14.76,0,0,0,0.6,2.37,96.75
244007,1981,1,27,27,-13.53,-19.52,-16.52,0,0,0,0.48,2.52,98
244007,1981,1,28,28,-13.53,-19.67,-16.6,0.79,0,0.79,0.51,2.54,98.12
244007,1981,1,29,29,-11.1,-19.31,-15.2,0,0,0,0.71,2.59,96.12
244007,1981,1,30,30,-6.59,-18.81,-12.7,0,0,0,0.79,2.69,86.88
244007,1981,1,31,31,-5.44,-13.56,-9.5,0,0,0,0.77,2.8,97.75
244007,1981,2,1,32,-5.86,-10.62,-8.24,0,0,0,0.78,2.86,95.81
244007,1981,2,2,33,-0.95,-9.88,-5.42,0,0,0,1.05,3.15,97.88
244007,1981,2,3,34,-1.47,-11.14,-6.31,0,0,0,0.78,3.13,96.88
244007,1981,2,4,35,-5.42,-12.81,-9.12,0,0,0,0.73,3.05,86
244007,1981,2,5,36,-4.99,-15.67,-10.33,0,0,0,0.83,3.39,96.81
244007,1981,2,6,37,-15.42,-22.06,-18.74,0,0,0,0.52,3.83,98.31
244007,1981,2,7,38,-1.9,-19.8,-10.85,2.56,0,2.56,0.82,3.51,99
244007,1981,2,8,39,-19.95,-29.06,-24.5,0,0,0,0.53,3.95,95.81
244007,1981,2,9,40,-18.38,-29.41,-23.89,0,0,0,0.94,3.92,91.19
244007,1981,2,10,41,-18.69,-24.08,-21.38,2.74,0,2.74,0.58,4.08,99.25
244007,1981,2,11,42,-20.95,-24.72,-22.84,2.92,0,2.92,0.57,4.13,99.44
244007,1981,2,12,43,-23.07,-27.1,-25.09,1.79,0,1.79,0.41,4,99.44
244007,1981,2,13,44,-16.98,-26.27,-21.62,4.41,0,4.41,0.32,4.26,99.88
244007,1981,2,14,45,-16.09,-17.69,-16.89,3.8,0,3.8,0.45,4.43,100
244007,1981,2,15,46,-0.67,-16.98,-8.83,0,0,0,0.5,4.84,98.5
244007,1981,2,16,47,-8.87,-22.07,-15.47,0,0,0,0.42,5.01,100
244007,1981,2,17,48,-2.94,-22.19,-12.57,0,0,0,0.33,5.27,100
244007,1981,2,18,49,-5.21,-26.02,-15.62,2.21,0,2.21,0.52,5.41,100
244007,1981,2,19,50,-16.08,-19.42,-17.75,6.8,0,6.8,0.51,5.1,99.81
244007,1981,2,20,51,-10.06,-21.89,-15.98,0,0,0,0.32,5.91,99.94
244007,1981,2,21,52,0.07,-12.17,-6.05,0,0,0,0.59,5.59,98.38
244007,1981,2,22,53,-0.59,-7.9,-4.25,0,0,0,1.34,5.79,96.75
244007,1981,2,23,54,-7.23,-12.63,-9.93,0,0,0,0.68,6.04,98.75
244007,1981,2,24,55,-9.69,-15.2,-12.45,0,0,0,0.4,6.38,99.62
244007,1981,2,25,56,-7.02,-14.05,-10.54,0,0,0,0.62,6.49,98.5
244007,1981,2,26,57,-6.67,-13.06,-9.87,0,0,0,0.41,6.69,93.75
244007,1981,2,27,58,-2.2,-15.47,-8.84,0,0,0,0.7,6.36,95.69
244007,1981,2,28,59,-2.49,-11.16,-6.83,0,0,0,0.45,7.6,99.75
244007,1981,3,1,60,-0.85,-13.14,-7,0,0,0,0.68,7.06,95.56
244007,1981,3,2,61,0.07,-8.59,-4.26,0,0,0,0.52,6.96,99.06
244007,1981,3,3,62,-0.64,-7.16,-3.9,0,0,0,0.45,7.66,98.44
244007,1981,3,4,63,-5.2,-12.4,-8.8,1.8,0,1.8,0.59,7.62,98.56
244007,1981,3,5,64,-4.38,-15.56,-9.97,0,0,0,0.56,8.21,96.5
244007,1981,3,6,65,-8.56,-19.67,-14.12,0,0,0,0.73,7.86,93.81
244007,1981,3,7,66,-5.71,-16.51,-11.11,0,0,0,0.41,8.5,97.5
244007,1981,3,8,67,0.14,-10.6,-5.23,0,0,0,0.53,9.14,96.81
244007,1981,3,9,68,2.74,-6.13,-1.69,0,0,0,0.66,9.14,85.44
244007,1981,3,10,69,0.37,-3.09,-1.36,0,0,0,0.65,8.85,96.06
244007,1981,3,11,70,2.22,-6.16,-1.97,0,0,0,0.63,9,91.19
244007,1981,3,12,71,2.14,-8.36,-3.11,0,0,0,0.51,9.68,88.19
244007,1981,3,13,72,0.37,-5.96,-2.79,0,0,0,0.48,10,96.56
244007,1981,3,14,73,1.08,-7.72,-3.32,0,0,0,0.47,9.57,94.5
244007,1981,3,15,74,2.5,-6.81,-2.15,0,0,0,0.43,11.17,88.75
244007,1981,3,16,75,0.29,-5.09,-2.4,0,0,0,0.81,11.19,95.31
244007,1981,3,17,76,1.22,-7.7,-3.24,0,0,0,0.55,10.46,92.56
244007,1981,3,18,77,-2.57,-10.2,-6.38,0,0,0,0.45,10.26,94.94
244007,1981,3,19,78,-10.14,-16.72,-13.43,0,0,0,0.43,11.32,96.62
244007,1981,3,20,79,-12.06,-18.17,-15.12,0,0,0,0.52,10.75,96.94
244007,1981,3,21,80,-13.39,-19.85,-16.62,0,0,0,0.38,11.29,96.94
244007,1981,3,22,81,-10.04,-19.38,-14.71,1.57,0,1.57,0.4,11.77,97.94
244007,1981,3,23,82,-2.81,-13.73,-8.27,1.46,0,1.46,0.25,12.2,97.69
244007,1981,3,24,83,0.83,-9.89,-4.53,0,0,0,0.34,11.79,95.81
244007,1981,3,25,84,-2.7,-9.48,-6.09,2.9,0,2.9,0.39,11.85,97.5
244007,1981,3,26,85,-1.86,-11.72,-6.79,0,0,0,0.26,11.82,96.44
244007,1981,3,27,86,0.92,-6.06,-2.57,0,0,0,0.41,13.18,95.19
244007,1981,3,28,87,-1.36,-7.27,-4.31,10.16,0,10.16,0.48,13.53,92.88
244007,1981,3,29,88,-3.2,-7.2,-5.2,5.31,0,5.31,0.38,14.24,98.56
244007,1981,3,30,89,-2.31,-9.62,-5.96,2.17,0,2.17,0.28,13.02,97.81
244007,1981,3,31,90,-1.51,-9.2,-5.35,2.33,0,2.33,0.31,12.8,98.31
244007,1981,4,1,91,0.67,-7.01,-3.17,0,0,0,0.35,14.46,94.5
244007,1981,4,2,92,0.65,-7.2,-3.27,0,0,0,0.34,13.51,94.62
244007,1981,4,3,93,0.37,-6.16,-2.9,0,0,0,0.44,14.5,96.56
244007,1981,4,4,94,0.25,-9.26,-4.5,0,0,0,0.3,15.17,94.81
244007,1981,4,5,95,-0.4,-7.53,-3.97,7.64,0,7.64,0.42,15.9,97.81
244007,1981,4,6,96,-0.23,-12.29,-6.26,0,0,0,0.59,15.83,94.5
244007,1981,4,7,97,-1.03,-10.31,-5.67,0,0,0,0.45,14.91,93
244007,1981,4,8,98,-0.63,-7.99,-4.31,0,0,0,0.3,14.03,96.56
244007,1981,4,9,99,-4.95,-10.25,-7.6,0,0,0,0.55,16.19,95.44
244007,1981,4,10,100,-11,-16.84,-13.92,0,0,0,0.58,16.1,97.38
244007,1981,4,11,101,-11.67,-19.94,-15.8,0,0,0,0.56,16.5,97.56
244007,1981,4,12,102,-10.71,-19.87,-15.29,0,0,0,0.45,14.99,96.44
244007,1981,4,13,103,-5.27,-15.88,-10.57,0,0,0,0.38,16.18,96.44
244007,1981,4,14,104,-9.46,-12.33,-10.89,11.57,0,11.57,0.41,17.25,99.38
244007,1981,4,15,105,-10.59,-13.67,-12.13,9.92,0,9.92,0.42,17.24,99.81
244007,1981,4,16,106,-6.99,-13.66,-10.32,0,0,0,0.34,17.79,99.69
244007,1981,4,17,107,-3.4,-14.01,-8.71,0,0,0,0.3,17.77,99.56
244007,1981,4,18,108,0.04,-11.89,-5.93,0,0,0,0.38,18.23,98.94
244007,1981,4,19,109,4.55,-6.88,-1.17,0,0,0,0.24,18.4,93.38
244007,1981,4,20,110,7.09,-4.75,1.17,0,0,0,0.38,18.91,79.94
244007,1981,4,21,111,5.86,-2.2,1.83,0,0,0,0.33,17.58,85.38
244007,1981,4,22,112,8.42,-3.02,2.7,0,0,0,0.23,17.28,81.19
244007,1981,4,23,113,8.4,-1.68,3.36,0,0,0,0.23,18.2,81.69
244007,1981,4,24,114,0.39,-1.99,-0.8,37.64,0,37.64,0.3,17.88,98.25
244007,1981,4,25,115,-0.29,-3.01,-1.65,26.56,0,26.56,0.45,18.8,99.56
244007,1981,4,26,116,-0.42,-4.42,-2.42,9.37,0,9.37,0.29,18.85,99.56
244007,1981,4,27,117,0.54,-7.25,-3.35,0,0,0,0.29,18.98,99.31
244007,1981,4,28,118,0.51,-1.98,-0.73,11.16,0,11.16,0.19,19.7,99.44
244007,1981,4,29,119,6.2,-4.85,0.68,0,0,0,0.35,20.31,89.31
244007,1981,4,30,120,9.72,-2.88,3.42,0,0,0,0.37,18.96,82
244007,1981,5,1,121,2.59,0.68,1.64,33.55,33.55,0,0.17,18.73,97.62
244007,1981,5,2,122,6.2,-2.36,1.92,6.41,6.41,0,0.29,18.41,89.75
244007,1981,5,3,123,12.48,-3.71,4.38,0,0,0,0.22,18.99,77.5
244007,1981,5,4,124,15.67,-2.08,6.79,0,0,0,0.24,18.24,65.75
244007,1981,5,5,125,16.04,-0.4,7.82,0,0,0,0.24,19.09,66.19
244007,1981,5,6,126,17.55,0.15,8.85,0,0,0,0.12,19.56,70.44
244007,1981,5,7,127,16.48,2.26,9.37,12.63,12.63,0,0.15,20.92,75.75
244007,1981,5,8,128,6.87,-1.2,2.83,4.77,4.77,0,0.18,21.05,85.19
244007,1981,5,9,129,13.12,-1.43,5.84,0,0,0,0.23,20.42,77.06
244007,1981,5,10,130,14.53,1.82,8.17,0,0,0,0.15,20.59,72.5
244007,1981,5,11,131,14.57,3.01,8.79,0,0,0,0.17,21.49,73.94
244007,1981,5,12,132,15.62,3.53,9.57,0,0,0,0.12,20.52,73.06
244007,1981,5,13,133,4.23,0.01,2.12,5.2,5.2,0,0.11,19.8,87.44
244007,1981,5,14,134,6.23,0,3.12,5.42,5.42,0,0.16,19,87.75
244007,1981,5,15,135,14.88,-0.71,7.09,0,0,0,0.2,20.25,77.56
244007,1981,5,16,136,18.74,2.51,10.62,0,0,0,0.16,19.7,70.94
244007,1981,5,17,137,19.67,6.48,13.08,0,0,0,0.12,20.24,72.69
244007,1981,5,18,138,17.96,6.94,12.45,0,0,0,0.16,20.49,74.69
244007,1981,5,19,139,19.07,5.23,12.15,0,0,0,0.07,19.91,72
244007,1981,5,20,140,21.78,4.74,13.26,0,0,0,0.12,19.4,60.69
244007,1981,5,21,141,21.01,8.29,14.65,0,0,0,0.22,20.5,72.75
244007,1981,5,22,142,16.83,5.64,11.23,7.31,7.31,0,0.13,22.63,81.25
244007,1981,5,23,143,18.55,4.04,11.29,0,0,0,0.28,21.84,68.62
244007,1981,5,24,144,20.07,7.98,14.03,3.82,3.82,0,0.28,21.5,78.25
244007,1981,5,25,145,21.83,8.37,15.1,0,0,0,0.09,21.52,80.06
244007,1981,5,26,146,22.58,10.51,16.54,8.91,8.91,0,0.06,21.99,81.5
244007,1981,5,27,147,13.15,8.28,10.71,21.9,21.9,0,0.04,20.21,91.94
244007,1981,5,28,148,22.38,6.93,14.65,0,0,0,0.16,20.69,70.75
244007,1981,5,29,149,19.03,8.87,13.95,0,0,0,0.09,20.64,78.94
244007,1981,5,30,150,18.55,9.59,14.07,0,0,0,0.04,20.39,83.38
244007,1981,5,31,151,19.49,7.86,13.67,0,0,0,0.14,21.07,68.38
244007,1981,6,1,152,21.55,6.19,13.87,0,0,0,0.13,21.47,65.75
244007,1981,6,2,153,16.24,8.59,12.41,0,0,0,0.04,22.16,73.5
244007,1981,6,3,154,18.69,5.76,12.23,1.54,1.54,0,0.05,22.24,69.56
244007,1981,6,4,155,11.28,5.17,8.22,6.29,6.29,0,0.04,20.67,82.06
244007,1981,6,5,156,17.8,2.54,10.17,0,0,0,0.03,18.93,65.31
244007,1981,6,6,157,14.84,7.01,10.93,2.98,2.98,0,0.07,19.46,79.12
244007,1981,6,7,158,14.1,4.8,9.45,0,0,0,0.03,18.77,69.12
244007,1981,6,8,159,14.41,3.26,8.84,0,0,0,0.05,21.56,66.06
244007,1981,6,9,160,12.48,6.02,9.25,5.52,5.52,0,0.22,21.47,79.94
244007,1981,6,10,161,16.51,6.44,11.48,0,0,0,0.27,22.42,71.44
244007,1981,6,11,162,16.82,5.93,11.38,0,0,0,0.29,22.53,66.62
244007,1981,6,12,163,17.81,7.27,12.54,1.92,1.92,0,0.18,22.57,70.69
244007,1981,6,13,164,18.87,8.48,13.68,0,0,0,0.2,22.83,67.88
244007,1981,6,14,165,15.32,8.78,12.05,3.45,3.45,0,0.09,23.25,77.38
244007,1981,6,15,166,12.65,7.59,10.12,18.6,18.6,0,0.12,21.18,79.06
244007,1981,6,16,167,15.04,4.82,9.93,0,0,0,0.13,23.82,67.38
244007,1981,6,17,168,14.01,6.3,10.15,7.16,7.16,0,0.18,23.85,71.44
244007,1981,6,18,169,15.6,5.16,10.38,2.58,2.58,0,0.08,23.45,72.75
244007,1981,6,19,170,14.13,5.2,9.67,2.45,2.45,0,0.05,22.67,79.56
244007,1981,6,20,171,13.57,6.79,10.18,2.29,2.29,0,0.09,23.08,85.19
244007,1981,6,21,172,17.24,6.76,12,1.63,1.63,0,0.07,23.74,76.06
244007,1981,6,22,173,18.64,7.87,13.26,0,0,0,0.14,19.74,68.12
244007,1981,6,23,174,17.13,7.15,12.14,1.49,1.49,0,0.02,23.13,73.06
244007,1981,6,24,175,17.48,7.82,12.65,0,0,0,0.02,22.16,69.12
244007,1981,6,25,176,16.58,6.05,11.31,0,0,0,0.01,21.92,70.69
244007,1981,6,26,177,15.87,7.81,11.84,0,0,0,0.02,22,70.75
244007,1981,6,27,178,17.55,7.97,12.76,0,0,0,0.02,23.68,71.88
244007,1981,6,28,179,15.55,7.44,11.5,0,0,0,0.12,22.06,62.06
244007,1981,6,29,180,15.56,6.83,11.2,0,0,0,0.09,20.13,72.75
244007,1981,6,30,181,18.09,7.74,12.91,0,0,0,0.02,18.48,62.06
244007,1981,7,1,182,21.52,10.44,15.98,1.94,1.94,0,0.09,17.84,62.38
244007,1981,7,2,183,19.57,8.37,13.97,0,0,0,0.02,18.11,69.31
244007,1981,7,3,184,16.15,8.41,12.28,0,0,0,0.02,20.92,59
244007,1981,7,4,185,16.62,6.97,11.79,0,0,0,0.08,20.42,59.44
244007,1981,7,5,186,17.91,7.37,12.64,2.03,2.03,0,0.16,19.62,67.38
244007,1981,7,6,187,17.52,6.06,11.79,0,0,0,0.01,19.33,60.5
244007,1981,7,7,188,16.68,7.3,11.99,5.33,5.33,0,0.02,20.34,71.25
244007,1981,7,8,189,17.22,7.86,12.54,0,0,0,0.02,20.39,63.75
244007,1981,7,9,190,19.3,7.57,13.44,0,0,0,0.02,20.26,66.06
244007,1981,7,10,191,22.19,9.51,15.85,0,0,0,0.01,20.88,72.81
244007,1981,7,11,192,30.52,12.38,21.45,0,0,0,0.07,20.88,65.38
244007,1981,7,12,193,23.21,12.81,18.01,0,0,0,0.02,20.26,68.75
244007,1981,7,13,194,19.05,11.62,15.34,6.6,6.6,0,0.02,18.43,79.38
244007,1981,7,14,195,21.85,10.53,16.19,2.93,2.93,0,0.02,19.76,77.19
244007,1981,7,15,196,25.94,9.91,17.93,0,0,0,0.17,20.67,65.5
244007,1981,7,16,197,34.7,12.69,23.7,0,0,0,0.21,18.97,59.06
244007,1981,7,17,198,28.27,14.81,21.54,0,0,0,0.12,19.37,69.69
244007,1981,7,18,199,22.83,17.05,19.94,4.59,4.59,0,0.12,20.07,85.12
244007,1981,7,19,200,24.17,13.57,18.87,28.48,28.48,0,0.13,20.54,78.69
244007,1981,7,20,201,22.48,12.6,17.54,4.18,4.18,0,0.02,20.48,79.38
244007,1981,7,21,202,20.09,12.06,16.07,3.74,3.74,0,0.02,20.41,82.5
244007,1981,7,22,203,19.47,9.8,14.63,3.41,3.41,0,0.05,19.96,79.81
244007,1981,7,23,204,20.72,8.06,14.39,0,0,0,0.08,20.37,72.81
244007,1981,7,24,205,22.47,8.41,15.44,0,0,0,0.07,21.4,73.31
244007,1981,7,25,206,22.17,11.58,16.88,1.58,1.58,0,0.05,20.59,79.12
244007,1981,7,26,207,21.8,13.05,17.43,0,0,0,0.02,17.92,64.31
244007,1981,7,27,208,20.01,11.8,15.91,4.97,4.97,0,0.02,20.56,73.69
244007,1981,7,28,209,16.72,8.94,12.83,8.34,8.34,0,0.12,19.94,86.44
244007,1981,7,29,210,24.71,7.75,16.23,0,0,0,0.2,18.65,65.56
244007,1981,7,30,211,21.73,11.65,16.69,0,0,0,0.05,19.27,72.31
244007,1981,7,31,212,19.21,10.87,15.04,3.12,3.12,0,0.05,17.87,81.19
244007,1981,8,1,213,23.37,10.93,17.15,1.23,1.23,0,0.09,19.06,71.88
244007,1981,8,2,214,22.39,11.64,17.02,0,0,0,0.09,18.72,69.88
244007,1981,8,3,215,23.8,11.64,17.72,0,0,0,0.12,20.43,64.81
244007,1981,8,4,216,20.95,11.6,16.27,2.41,2.41,0,0.14,19.93,78.25
244007,1981,8,5,217,22.73,11.73,17.23,0,0,0,0.06,19.39,75.25
244007,1981,8,6,218,24.48,11.83,18.16,0,0,0,0.02,18.85,69.56
244007,1981,8,7,219,27.12,12.73,19.93,0,0,0,0.14,15.45,69.06
244007,1981,8,8,220,32.08,13.96,23.02,0,0,0,0.23,17.07,65.19
244007,1981,8,9,221,27.73,14.67,21.2,0,0,0,0.02,16.4,67.38
244007,1981,8,10,222,23.12,11.65,17.39,0,0,0,0.02,18.08,63.06
244007,1981,8,11,223,26.1,10.67,18.39,1.81,1.81,0,0.08,18.84,62.94
244007,1981,8,12,224,21.19,10.88,16.04,0,0,0,0.18,18.3,56.31
244007,1981,8,13,225,26.26,9.29,17.77,0,0,0,0.23,17.94,61.06
244007,1981,8,14,226,25.01,11.15,18.08,0,0,0,0.05,17.45,64.88
244007,1981,8,15,227,21.37,10.37,15.87,0,0,0,0.12,16.01,59.69
244007,1981,8,16,228,23.62,8.53,16.07,0,0,0,0.03,16.89,60.69
244007,1981,8,17,229,20.84,8.89,14.87,0,0,0,0.07,17.35,57.88
244007,1981,8,18,230,21.67,9.08,15.38,0,0,0,0.13,15.79,68.44
244007,1981,8,19,231,19.58,10.67,15.12,11.61,11.61,0,0.12,15.02,82.12
244007,1981,8,20,232,21.56,8.98,15.27,0,0,0,0.22,14.58,63.75
244007,1981,8,21,233,22.95,9.05,16,0,0,0,0.14,14.86,64.12
244007,1981,8,22,234,21.16,8.83,15,0,0,0,0.02,15.76,62.69
244007,1981,8,23,235,20.87,6.83,13.85,2.84,2.84,0,0.07,15.48,62.5
244007,1981,8,24,236,19.45,10.05,14.75,2.16,2.16,0,0.03,15.15,84.75
244007,1981,8,25,237,22.87,10.33,16.6,0,0,0,0.12,14.71,81.88
244007,1981,8,26,238,22.5,12,17.25,6.59,6.59,0,0.11,15.23,86.75
244007,1981,8,27,239,18.02,8.27,13.14,26.93,26.93,0,0.02,13.12,93.44
244007,1981,8,28,240,10.91,2.01,6.46,4.75,4.75,0,0.06,12.94,89.06
244007,1981,8,29,241,6.33,0.95,3.64,4.47,4.47,0,0.03,14.38,88.38
244007,1981,8,30,242,10.35,-0.1,5.12,1.39,1.39,0,0.06,13.04,83.75
244007,1981,8,31,243,18.17,3.79,10.98,1.34,1.34,0,0.16,12.58,76.44
244007,1981,9,1,244,7.18,0.08,3.63,2.47,2.47,0,0.08,14.92,75.44
244007,1981,9,2,245,12.16,-1.65,5.25,0,0,0,0.09,12.76,64.75
244007,1981,9,3,246,11.25,1.51,6.38,0,0,0,0.23,13.28,75.5
244007,1981,9,4,247,16.63,2.85,9.74,0,0,0,0.27,12.41,70.19
244007,1981,9,5,248,15.75,4.34,10.04,0.67,0.67,0,0.19,11.93,76.5
244007,1981,9,6,249,18.14,5.37,11.76,0.72,0.72,0,0.09,11.85,83.56
244007,1981,9,7,250,24.74,8.77,16.75,0,0,0,0.15,11.66,74.94
244007,1981,9,8,251,21.39,10.08,15.73,0,0,0,0.02,12.88,76
244007,1981,9,9,252,16.44,9.38,12.91,3.51,3.51,0,0.06,12,82.75
244007,1981,9,10,253,18.31,6.6,12.45,0,0,0,0.01,11.31,69.56
244007,1981,9,11,254,15.23,7.64,11.44,0,0,0,0.02,11.26,62.06
244007,1981,9,12,255,14.15,5.06,9.61,0,0,0,0.02,12.47,59.31
244007,1981,9,13,256,16.23,2.87,9.55,0,0,0,0.27,11.7,60.25
244007,1981,9,14,257,11.91,3.01,7.46,2.14,2.14,0,0.23,10.29,74.06
244007,1981,9,15,258,18.37,6.65,12.51,2.97,2.97,0,0.2,10.16,86.56
244007,1981,9,16,259,17.55,8.13,12.84,0,0,0,0.28,9.29,80.44
244007,1981,9,17,260,14.08,6.52,10.3,0.93,0.93,0,0.13,11.45,85.69
244007,1981,9,18,261,16.49,5.53,11.01,0,0,0,0.12,10.34,83.62
244007,1981,9,19,262,13.27,4.58,8.93,0,0,0,0.02,10.58,73.06
244007,1981,9,20,263,13.33,2.55,7.94,0,0,0,0.05,10.46,69.31
244007,1981,9,21,264,12.23,-0.62,5.81,0,0,0,0.12,9.82,80.38
244007,1981,9,22,265,12.32,1.12,6.72,0,0,0,0.23,9.39,79.56
244007,1981,9,23,266,12.8,1.48,7.14,0.7,0.7,0,0.17,8.49,76.94
244007,1981,9,24,267,12.83,-0.24,6.29,0,0,0,0.21,8.87,71.75
244007,1981,9,25,268,12.76,-0.38,6.19,0,0,0,0.23,9.27,67.94
244007,1981,9,26,269,13.16,0.55,6.86,0,0,0,0.32,9.69,67.25
244007,1981,9,27,270,12.48,-1.42,5.53,0,0,0,0.13,8.95,72.94
244007,1981,9,28,271,10.33,-0.2,5.07,7.75,7.75,0,0.11,8.43,84.56
244007,1981,9,29,272,11.96,-2.06,4.95,0,0,0,0.12,7.59,77.31
244007,1981,9,30,273,9.49,0.24,4.87,1.48,1.48,0,0.08,7.2,84.25
244007,1981,10,1,274,7.9,0.55,4.23,0,0,0,0.02,7.76,60.31
244007,1981,10,2,275,3.96,-0.67,1.65,0,0,0,0.02,7.26,68.44
244007,1981,10,3,276,3.44,-2.59,0.43,0,0,0,0.24,7.14,69.44
244007,1981,10,4,277,6.05,-2.77,1.64,0,0,0,0.3,6.77,77.94
244007,1981,10,5,278,4.89,-3.53,0.68,0,0,0,0.12,7.02,79.69
244007,1981,10,6,279,5.28,-2.1,1.59,0,0,0,0.12,7.07,87.44
244007,1981,10,7,280,0.29,-2.4,-1.05,19.41,0,19.41,0.07,6.8,97.44
244007,1981,10,8,281,0.33,-3.1,-1.39,5.3,0,5.3,0.14,7.27,98.38
244007,1981,10,9,282,-1.16,-3.64,-2.4,12.65,0,12.65,0.03,6.92,99.56
244007,1981,10,10,283,-0.32,-3.7,-2.01,7.96,0,7.96,0.03,7.07,99.94
244007,1981,10,11,284,0.14,-3.76,-1.81,0,0,0,0.12,7.02,99.31
244007,1981,10,12,285,1.37,-3.63,-1.13,0,0,0,0.12,6.22,99.19
244007,1981,10,13,286,9.03,0.17,4.6,0,0,0,0.21,5.27,98
244007,1981,10,14,287,11.23,3.69,7.46,0,0,0,0.09,6.1,95.06
244007,1981,10,15,288,9.34,2.79,6.06,0,0,0,0.09,5.71,92.06
244007,1981,10,16,289,8.98,1.84,5.41,0,0,0,0.11,5.08,76
244007,1981,10,17,290,3.44,0.15,1.79,0,0,0,0.09,4.99,91.25
244007,1981,10,18,291,7.17,1,4.08,3.71,3.71,0,0.12,4.39,76.81
244007,1981,10,19,292,2.19,-3.49,-0.65,0,0,0,0.19,4.67,81.62
244007,1981,10,20,293,1.6,-4.61,-1.51,0,0,0,0.27,4.53,80.69
244007,1981,10,21,294,0.23,-3.92,-1.84,0,0,0,0.16,4.61,81.44
244007,1981,10,22,295,4.64,-2.99,0.82,0,0,0,0.15,4.27,88.62
244007,1981,10,23,296,3.47,0.91,2.19,7.43,7.43,0,0.3,4.49,97
244007,1981,10,24,297,2.4,-0.19,1.1,7.94,7.94,0,0.06,4.51,98.5
244007,1981,10,25,298,-0.45,-11.92,-6.18,22.08,0,22.08,0.16,4.04,95.31
244007,1981,10,26,299,-6.22,-12.12,-9.17,0,0,0,0.16,3.73,93.56
244007,1981,10,27,300,-5.12,-11.48,-8.3,6.32,0,6.32,0.26,4.14,97.75
244007,1981,10,28,301,-6.62,-12.44,-9.53,4.95,0,4.95,0.23,4.17,99.06
244007,1981,10,29,302,-1.67,-11.99,-6.83,0,0,0,0.45,4.02,98.88
244007,1981,10,30,303,-1.74,-10.72,-6.23,0,0,0,0.21,3.91,98.69
244007,1981,10,31,304,-0.63,-7.86,-4.25,0,0,0,0.34,3.47,96.56
244007,1981,11,1,305,0.1,-9.52,-4.71,0,0,0,0.23,3.86,97.44
244007,1981,11,2,306,-2.38,-7.97,-5.17,2.39,0,2.39,0.22,3.52,94.44
244007,1981,11,3,307,-5.29,-7.64,-6.46,10.75,0,10.75,0.24,3.23,99.81
244007,1981,11,4,308,-0.92,-9.92,-5.42,1.87,0,1.87,0.28,3.26,98.75
244007,1981,11,5,309,2.74,-2.38,0.18,0,0,0,0.42,2.97,95.25
244007,1981,11,6,310,-0.12,-8.17,-4.14,0,0,0,0.48,2.95,89.62
244007,1981,11,7,311,-2.82,-11.7,-7.26,0,0,0,0.57,2.83,85.75
244007,1981,11,8,312,-3.05,-10.79,-6.92,0,0,0,0.35,2.98,90.94
244007,1981,11,9,313,2.65,-6.06,-1.7,0,0,0,0.35,2.77,94.12
244007,1981,11,10,314,-3.03,-7.25,-5.14,0,0,0,0.13,2.5,99.5
244007,1981,11,11,315,-3.7,-6.66,-5.18,0,0,0,0.22,2.74,98.75
244007,1981,11,12,316,-0.45,-6.11,-3.28,0,0,0,0.63,2.35,92.56
244007,1981,11,13,317,-2.49,-13.94,-8.21,0,0,0,0.38,2.34,94.81
244007,1981,11,14,318,-14.81,-19.1,-16.96,0,0,0,0.2,2.23,96.56
244007,1981,11,15,319,-13.31,-16.73,-15.02,2.47,0,2.47,0.2,2.16,98.62
244007,1981,11,16,320,-12.92,-17.33,-15.12,0,0,0,0.27,2.32,99.19
244007,1981,11,17,321,-11.27,-16.06,-13.66,2.05,0,2.05,0.38,2.16,98.12
244007,1981,11,18,322,-13.35,-17.99,-15.67,0,0,0,0.4,1.94,99.12
244007,1981,11,19,323,-16.37,-18.37,-17.37,2.85,0,2.85,0.17,1.84,99.38
244007,1981,11,20,324,-12.77,-17.85,-15.31,0,0,0,0.2,1.87,100
244007,1981,11,21,325,-16.7,-17.66,-17.18,6.06,0,6.06,0.34,1.73,97.88
244007,1981,11,22,326,-16.55,-19.7,-18.12,0,0,0,0.29,1.84,98.88
244007,1981,11,23,327,-14.68,-19.49,-17.09,0,0,0,0.14,1.73,100
244007,1981,11,24,328,-9.78,-17.59,-13.68,0,0,0,0.8,1.72,97.06
244007,1981,11,25,329,-5.43,-14.56,-10,1.76,0,1.76,0.49,1.53,98.38
244007,1981,11,26,330,-12.39,-18.62,-15.51,0,0,0,0.7,1.59,97
244007,1981,11,27,331,-1.14,-14.98,-8.06,2.33,0,2.33,0.53,1.56,98.19
244007,1981,11,28,332,-0.91,-6.13,-3.52,3.13,0,3.13,0.52,1.57,97.62
244007,1981,11,29,333,-5.67,-10.88,-8.28,4.07,0,4.07,0.52,1.38,96.5
244007,1981,11,30,334,-7.02,-15.13,-11.07,0,0,0,0.48,1.41,98.5
244007,1981,12,1,335,-5.99,-15.27,-10.63,1.5,0,1.5,0.44,1.28,99.06
244007,1981,12,2,336,-4.7,-11.43,-8.06,0,0,0,0.88,1.22,96.56
244007,1981,12,3,337,-7.04,-14.42,-10.73,0,0,0,0.68,1.28,88.69
244007,1981,12,4,338,-9.16,-18.11,-13.63,1.36,0,1.36,0.68,1.17,93.31
244007,1981,12,5,339,-15.75,-17.6,-16.68,7.56,0,7.56,0.45,1.17,99.69
244007,1981,12,6,340,-11.78,-17.34,-14.56,2.38,0,2.38,0.39,1.12,99
244007,1981,12,7,341,-17.03,-23.14,-20.09,0,0,0,0.97,1.13,96.88
244007,1981,12,8,342,-19.2,-23.92,-21.56,0,0,0,0.87,1.05,97.75
244007,1981,12,9,343,-19.17,-23.24,-21.2,0,0,0,0.48,1.02,96.25
244007,1981,12,10,344,-21.24,-23.57,-22.41,2.04,0,2.04,0.36,1.06,99.81
244007,1981,12,11,345,-16.72,-23.21,-19.96,0,0,0,0.66,1.01,99.31
244007,1981,12,12,346,-20.11,-25.94,-23.02,0,0,0,0.77,1.01,99
244007,1981,12,13,347,-19.47,-28.67,-24.07,0,0,0,0.43,1.03,75.12
244007,1981,12,14,348,-21.86,-29.42,-25.64,0,0,0,0.35,1.02,91.88
244007,1981,12,15,349,-11.77,-20.82,-16.3,0,0,0,0.97,0.93,97.56
244007,1981,12,16,350,-8.22,-13.74,-10.98,0,0,0,0.57,0.92,89.62
244007,1981,12,17,351,-5.31,-12.51,-8.91,0,0,0,0.47,0.96,87.62
244007,1981,12,18,352,-4.92,-13.23,-9.07,0,0,0,0.59,0.97,97.19
244007,1981,12,19,353,-9.41,-12.13,-10.77,2.7,0,2.7,0.37,1.02,97.88
244007,1981,12,20,354,-3.38,-9.35,-6.37,1.21,0,1.21,0.64,0.98,98.19
244007,1981,12,21,355,-3.63,-9.27,-6.45,1.67,0,1.67,1.04,1,97.56
244007,1981,12,22,356,-9.16,-16.52,-12.84,0,0,0,0.8,0.98,98.88
244007,1981,12,23,357,-16.25,-23.99,-20.12,0,0,0,0.8,0.93,93.81
244007,1981,12,24,358,-21.34,-24.95,-23.14,0,0,0,0.46,0.96,92.62
244007,1981,12,25,359,-6.49,-20.72,-13.61,0,0,0,0.73,0.96,99.44
244007,1981,12,26,360,-21.05,-26.57,-23.81,1.84,0,1.84,0.37,0.99,99.06
244007,1981,12,27,361,-26.76,-34.47,-30.62,0,0,0,0.63,1,95
244007,1981,12,28,362,-27.79,-34.28,-31.04,0,0,0,0.73,1,92.19
244007,1981,12,29,363,-29.16,-33.7,-31.43,0,0,0,0.85,1.04,90.38
244007,1981,12,30,364,-28.19,-34.81,-31.5,0,0,0,0.62,1.09,97.94
244007,1981,12,31,365,-33.41,-37.72,-35.56,0,0,0,0.85,1.09,99.25
244014,1981,1,1,1,-13.71,-18.42,-16.07,0,0,0,0.62,1.24,96.75
244014,1981,1,2,2,-8.49,-15.62,-12.05,0,0,0,0.78,1.38,97.81
244014,1981,1,3,3,-1.18,-7.77,-4.47,0,0,0,0.86,1.37,87.38
244014,1981,1,4,4,-1.69,-7.13,-4.41,0,0,0,0.75,1.36,99.25
244014,1981,1,5,5,-3.24,-12.04,-7.64,0,0,0,0.76,1.37,98.5
244014,1981,1,6,6,-10.38,-20.23,-15.3,6.14,0,6.14,0.72,1.53,99.56
244014,1981,1,7,7,-15.37,-22.08,-18.72,1.85,0,1.85,0.54,1.48,98.88
244014,1981,1,8,8,-16.26,-18.72,-17.49,1.01,0,1.01,0.77,1.63,99
244014,1981,1,9,9,-14.66,-18.68,-16.67,0.87,0,0.87,0.79,1.53,99.5
244014,1981,1,10,10,-2.37,-15.21,-8.79,0,0,0,0.73,1.62,99.94
244014,1981,1,11,11,-2.57,-5,-3.79,0,0,0,0.66,1.66,98
244014,1981,1,12,12,-3.14,-7.64,-5.39,0,0,0,0.77,1.7,98.06
244014,1981,1,13,13,-4.1,-9.26,-6.68,0.62,0,0.62,0.71,1.74,91.06
244014,1981,1,14,14,-5.56,-8.83,-7.2,0,0,0,0.87,1.84,98.12
244014,1981,1,15,15,-7.15,-12.45,-9.8,0.65,0,0.65,0.68,1.92,98.69
244014,1981,1,16,16,-5.3,-11.35,-8.32,0,0,0,0.77,1.81,93.88
244014,1981,1,17,17,-2.93,-10.31,-6.62,0,0,0,0.63,1.76,96.56
244014,1981,1,18,18,-1.68,-11.21,-6.45,0,0,0,0.92,1.89,95.38
244014,1981,1,19,19,0.15,-1.51,-0.68,0.59,0,0.59,1.04,1.96,99.06
244014,1981,1,20,20,-0.2,-6.99,-3.6,0.74,0,0.74,0.87,2.11,93.5
244014,1981,1,21,21,-0.45,-5.38,-2.92,1.59,0,1.59,1.06,2.21,99
244014,1981,1,22,22,-0.56,-5.17,-2.87,0.93,0,0.93,0.88,2.33,99.31
244014,1981,1,23,23,0.48,-3.55,-1.53,0,0,0,1.16,2.23,96.38
244014,1981,1,24,24,-1.74,-16.21,-8.97,0,0,0,0.95,2.24,99.06
244014,1981,1,25,25,-9.35,-16.52,-12.93,0,0,0,0.92,2.59,78.06
244014,1981,1,26,26,-12.13,-18.07,-15.1,0,0,0,0.83,2.52,99.31
244014,1981,1,27,27,-15.85,-21.95,-18.9,0,0,0,0.55,2.83,99.69
244014,1981,1,28,28,-15.89,-20.84,-18.37,0,0,0,0.46,2.75,98.62
244014,1981,1,29,29,-10.68,-21.3,-15.99,0,0,0,0.59,2.75,97.56
244014,1981,1,30,30,-10.85,-20.68,-15.77,0,0,0,0.77,2.91,88.94
244014,1981,1,31,31,-12.86,-17.8,-15.33,0,0,0,0.5,3.03,99.88
244014,1981,2,1,32,-9.88,-14.66,-12.27,0,0,0,0.67,3.38,98.75
244014,1981,2,2,33,-1.13,-12.93,-7.03,0,0,0,1.02,3.49,98.62
244014,1981,2,3,34,-1.89,-12.62,-7.25,0,0,0,1.02,3.45,97.94
244014,1981,2,4,35,-9.37,-17.67,-13.52,0,0,0,0.59,3.17,96.31
244014,1981,2,5,36,-5.93,-19.1,-12.52,0,0,0,0.98,3.39,97.38
244014,1981,2,6,37,-16.97,-23.65,-20.31,0,0,0,0.98,4.07,96.88
244014,1981,2,7,38,-5.86,-23.29,-14.57,0,0,0,1.21,3.93,98.5
244014,1981,2,8,39,-19.91,-31.38,-25.64,0,0,0,0.71,4.36,97.06
244014,1981,2,9,40,-21.86,-33.4,-27.63,0,0,0,0.78,4.17,96
244014,1981,2,10,41,-21.31,-25.18,-23.24,1.18,0,1.18,0.66,4.51,98.38
244014,1981,2,11,42,-18.86,-25.13,-21.99,1.93,0,1.93,0.66,4.64,98.19
244014,1981,2,12,43,-21.26,-27.33,-24.3,1.05,0,1.05,0.41,4.45,97.94
244014,1981,2,13,44,-15.63,-25.17,-20.4,2.49,0,2.49,0.72,4.67,98.75
244014,1981,2,14,45,-14.22,-17.1,-15.66,1.66,0,1.66,0.76,4.78,98.88
244014,1981,2,15,46,-1.28,-17.65,-9.46,0,0,0,0.77,5.06,99.25
244014,1981,2,16,47,-7.44,-21.09,-14.27,0.98,0,0.98,0.54,5.26,99.44
244014,1981,2,17,48,-1.61,-21.38,-11.49,0,0,0,0.8,5.64,98.81
244014,1981,2,18,49,-2.27,-24.39,-13.33,1.13,0,1.13,0.84,5.64,98.94
244014,1981,2,19,50,-14.32,-20.31,-17.31,5.75,0,5.75,0.77,5.71,99.25
244014,1981,2,20,51,-14.26,-21.06,-17.66,0,0,0,0.62,6.25,98.25
244014,1981,2,21,52,-2.45,-15.63,-9.04,0,0,0,0.52,6,100
244014,1981,2,22,53,0.23,-7.81,-3.79,0,0,0,1.63,6.21,97.38
244014,1981,2,23,54,-8.24,-17.73,-12.98,0,0,0,0.88,6.63,99.06
244014,1981,2,24,55,-9.48,-18.8,-14.14,0,0,0,0.45,6.64,98.94
244014,1981,2,25,56,-8.15,-18.22,-13.18,0,0,0,0.4,6.99,99.81
244014,1981,2,26,57,-4.79,-15.09,-9.94,0,0,0,0.57,7.11,99.38
244014,1981,2,27,58,-3.83,-10.92,-7.38,0,0,0,0.55,6.94,97.19
244014,1981,2,28,59,-5.38,-14.81,-10.1,0,0,0,0.41,7.93,99.19
244014,1981,3,1,60,-3.67,-13.77,-8.72,0,0,0,0.57,7.57,97.62
244014,1981,3,2,61,-0.45,-8.78,-4.61,0,0,0,0.55,7.64,99.31
244014,1981,3,3,62,-0.95,-6.65,-3.8,2.05,0,2.05,0.45,7.78,98.38
244014,1981,3,4,63,-6,-11.2,-8.6,3.29,0,3.29,0.7,7.97,98.12
244014,1981,3,5,64,-4.2,-11.68,-7.94,0,0,0,0.66,8.54,93.88
244014,1981,3,6,65,-8.35,-15.78,-12.06,0,0,0,0.59,8.12,96.5
244014,1981,3,7,66,-1.69,-17.77,-9.73,0,0,0,0.53,8.55,99.38
244014,1981,3,8,67,0.04,-8.56,-4.26,0,0,0,0.44,9.91,99.38
244014,1981,3,9,68,0.23,-8.49,-4.13,0,0,0,0.46,8.95,98.31
244014,1981,3,10,69,0.37,-4.45,-2.04,0,0,0,0.8,9.18,97.44
244014,1981,3,11,70,0.75,-5.47,-2.36,0,0,0,0.6,9.74,93.94
244014,1981,3,12,71,0.47,-4.24,-1.89,0,0,0,0.66,9.42,89.38
244014,1981,3,13,72,0.3,-8.25,-3.98,0,0,0,0.56,9.91,97.81
244014,1981,3,14,73,0.76,-8.49,-3.87,0,0,0,0.48,9.82,94.44
244014,1981,3,15,74,1.08,-8.63,-3.78,0,0,0,0.61,11.26,94.88
244014,1981,3,16,75,1.05,-6.6,-2.77,0,0,0,0.7,11.05,95.62
244014,1981,3,17,76,1.01,-8.45,-3.72,0,0,0,0.6,11.03,92.69
244014,1981,3,18,77,-2.69,-11.64,-7.17,0,0,0,0.55,10.33,94.31
244014,1981,3,19,78,-9.88,-17.21,-13.55,0,0,0,0.52,11.12,89.12
244014,1981,3,20,79,-10.5,-19.19,-14.85,0,0,0,0.63,11.01,84.69
244014,1981,3,21,80,-11.26,-20.97,-16.11,0,0,0,0.59,11.06,89.19
244014,1981,3,22,81,-8.01,-18.42,-13.21,0,0,0,0.42,12.03,90.19
244014,1981,3,23,82,-0.68,-15,-7.84,1.3,0,1.3,0.32,12.13,92
244014,1981,3,24,83,2.23,-11.92,-4.84,0,0,0,0.36,12.11,93.56
244014,1981,3,25,84,-0.18,-8.25,-4.21,1.61,0,1.61,0.48,12.4,92.62
244014,1981,3,26,85,-0.29,-11.35,-5.82,0,0,0,0.38,11.36,87.81
244014,1981,3,27,86,5.67,-7.63,-0.98,0,0,0,0.41,13.41,91.12
244014,1981,3,28,87,0.54,-8.11,-3.78,8.27,0,8.27,0.53,13.93,95.25
244014,1981,3,29,88,-0.45,-5.57,-3.01,4.67,0,4.67,0.32,14.14,94.94
244014,1981,3,30,89,0.76,-8.37,-3.8,1.35,0,1.35,0.29,13.2,91.38
244014,1981,3,31,90,2.85,-7.72,-2.43,1.08,0,1.08,0.4,13.09,90.75
244014,1981,4,1,91,4.3,-5.38,-0.54,0,0,0,0.44,15.01,85.62
244014,1981,4,2,92,4.62,-4.88,-0.13,0,0,0,0.35,13.64,84.94
244014,1981,4,3,93,4.76,-3.49,0.63,0,0,0,0.43,14.35,84.25
244014,1981,4,4,94,5.04,-5.86,-0.41,0,0,0,0.33,15.07,77.25
244014,1981,4,5,95,3.5,-4.31,-0.4,0,0,0,0.55,15.8,81.5
244014,1981,4,6,96,3.1,-7.79,-2.34,0,0,0,0.48,15.93,75.62
244014,1981,4,7,97,3.76,-6.63,-1.44,0,0,0,0.36,14.8,74.56
244014,1981,4,8,98,3.12,-6.01,-1.44,0,0,0,0.45,14.17,78.56
244014,1981,4,9,99,-0.81,-7.74,-4.28,0,0,0,0.54,16.38,79.12
244014,1981,4,10,100,-8.43,-13.73,-11.08,0,0,0,0.62,16.47,75.25
244014,1981,4,11,101,-7.81,-16.34,-12.07,0,0,0,0.47,15.84,73.19
244014,1981,4,12,102,-7.08,-17.9,-12.49,0,0,0,0.33,15.61,73.94
244014,1981,4,13,103,-1.66,-14.21,-7.94,0,0,0,0.34,16.4,71.69
244014,1981,4,14,104,-7.66,-11.33,-9.5,8.04,0,8.04,0.45,17.19,86.56
244014,1981,4,15,105,-8.44,-12.06,-10.25,5.53,0,5.53,0.35,17.95,88.12
244014,1981,4,16,106,-5.6,-12.22,-8.91,5.64,0,5.64,0.31,17.88,90.19
244014,1981,4,17,107,-0.72,-12.95,-6.83,0,0,0,0.36,17.07,93.25
244014,1981,4,18,108,3.66,-9.74,-3.04,0,0,0,0.38,17.95,89.81
244014,1981,4,19,109,12.02,-4.05,3.98,0,0,0,0.27,17.73,84.19
244014,1981,4,20,110,11.51,-2.54,4.48,0,0,0,0.37,18.15,71.19
244014,1981,4,21,111,10.38,-2.86,3.76,0,0,0,0.32,17.33,73.94
244014,1981,4,22,112,12.96,-4.05,4.46,0,0,0,0.13,17.08,68.88
244014,1981,4,23,113,12.19,-0.35,5.92,0,0,0,0.14,17.62,72.81
244014,1981,4,24,114,2.11,-0.64,0.73,26.49,26.49,0,0.28,17.72,95.44
244014,1981,4,25,115,0.73,-2.1,-0.69,15.97,0,15.97,0.34,18.27,95.25
244014,1981,4,26,116,1.94,-3.34,-0.7,5.93,0,5.93,0.26,18.13,94.19
244014,1981,4,27,117,9,-3.87,2.56,0,0,0,0.28,18.18,78.25
244014,1981,4,28,118,3.57,0.37,1.97,11.63,11.63,0,0.17,19.74,91.62
244014,1981,4,29,119,11.66,-2.46,4.6,0,0,0,0.27,20.21,75.94
244014,1981,4,30,120,13.3,-1.38,5.96,0,0,0,0.28,18.79,73.81
244014,1981,5,1,121,7.69,1.76,4.73,13.57,13.57,0,0.15,17.84,92.31
244014,1981,5,2,122,9.69,0.58,5.13,2.18,2.18,0,0.35,18.24,82.12
244014,1981,5,3,123,15.84,-2.22,6.81,0,0,0,0.28,17.43,68.31
244014,1981,5,4,124,17.86,-1.1,8.38,0,0,0,0.2,18.8,58.12
244014,1981,5,5,125,18.73,4.79,11.76,0,0,0,0.23,18.39,59.69
244014,1981,5,6,126,20.37,3.17,11.77,0,0,0,0.21,19.02,65.19
244014,1981,5,7,127,18.74,6.05,12.39,1.53,1.53,0,0.18,20.45,70.19
244014,1981,5,8,128,10.05,-0.61,4.72,3.29,3.29,0,0.11,19.87,74.19
244014,1981,5,9,129,16.2,-2.49,6.85,0,0,0,0.16,19.78,65.69
244014,1981,5,10,130,17.76,1.97,9.87,0,0,0,0.21,20.31,67.94
244014,1981,5,11,131,17.69,2.87,10.28,0,0,0,0.06,21.06,68.69
244014,1981,5,12,132,16.95,4.47,10.71,0,0,0,0.1,20.33,64.5
244014,1981,5,13,133,8.04,2.66,5.35,2.77,2.77,0,0.07,18.11,81.12
244014,1981,5,14,134,8.43,-0.02,4.21,5.53,5.53,0,0.05,17.88,81.88
244014,1981,5,15,135,17.12,-2.13,7.5,0,0,0,0.03,20.3,67.81
244014,1981,5,16,136,20.58,5.76,13.17,0,0,0,0.14,18.41,72.19
244014,1981,5,17,137,22.72,7.51,15.11,0,0,0,0.24,19.08,67.81
244014,1981,5,18,138,21.83,8.71,15.27,4.51,4.51,0,0.05,19.77,74.19
244014,1981,5,19,139,20.57,6.45,13.51,0,0,0,0.05,18.75,69.44
244014,1981,5,20,140,22.88,5.68,14.28,0,0,0,0.16,17.65,60.31
244014,1981,5,21,141,23.69,8.08,15.89,0,0,0,0.05,19.7,64.44
244014,1981,5,22,142,18.33,6.94,12.63,3.82,3.82,0,0.05,21.92,78.81
244014,1981,5,23,143,21.26,6.56,13.91,0,0,0,0.25,21.26,62.38
244014,1981,5,24,144,23.71,6.83,15.27,0,0,0,0.09,21.18,71.25
244014,1981,5,25,145,25,10.65,17.82,0,0,0,0.12,20.08,71.62
244014,1981,5,26,146,26.21,11.84,19.02,3.46,3.46,0,0,21.43,70.5
244014,1981,5,27,147,17.15,8.84,12.99,20.57,20.57,0,0.03,20.28,88.56
244014,1981,5,28,148,24.35,8.53,16.44,0,0,0,0.11,20.11,69.25
244014,1981,5,29,149,21.83,9.93,15.88,0,0,0,0.01,20.6,72.69
244014,1981,5,30,150,21.36,9.92,15.64,0,0,0,0.03,20.07,70.25
244014,1981,5,31,151,20.66,10.83,15.75,0,0,0,0.16,20.16,68.81
244014,1981,6,1,152,23.75,8.18,15.96,0,0,0,0.16,21.05,62.06
244014,1981,6,2,153,18.96,10.76,14.86,0,0,0,0.03,21.68,68.44
244014,1981,6,3,154,21.76,8.23,15,0,0,0,0,21.8,64.31
244014,1981,6,4,155,13.37,5.52,9.45,15.86,15.86,0,0,20.2,82.31
244014,1981,6,5,156,19.44,3.08,11.26,0,0,0,0,17.62,61.44
244014,1981,6,6,157,17.6,8.82,13.21,2.47,2.47,0,0.01,18.09,73.81
244014,1981,6,7,158,14.76,5.04,9.9,0,0,0,0.11,18.53,73.19
244014,1981,6,8,159,16.12,2.99,9.55,0,0,0,0.05,20.93,67.44
244014,1981,6,9,160,13.94,7.1,10.52,5.2,5.2,0,0.2,20.55,81.88
244014,1981,6,10,161,17.94,7,12.47,1.02,1.02,0,0.29,20.51,66.38
244014,1981,6,11,162,19.18,8.26,13.72,0,0,0,0.26,21.04,63.19
244014,1981,6,12,163,22.01,9.57,15.79,0,0,0,0.19,20.7,60.25
244014,1981,6,13,164,20.53,9.42,14.98,0,0,0,0.16,21.49,63
244014,1981,6,14,165,18.69,10.05,14.37,1.15,1.15,0,0.17,21.42,67.31
244014,1981,6,15,166,16.22,8.39,12.3,2.15,2.15,0,0.17,19.21,65
244014,1981,6,16,167,17.34,5.24,11.29,0,0,0,0.08,22.3,58.81
244014,1981,6,17,168,15.5,7.04,11.27,0,0,0,0.13,22.02,60.94
244014,1981,6,18,169,18.7,5.75,12.22,0,0,0,0.03,21.66,62.75
244014,1981,6,19,170,17.19,6.31,11.75,0,0,0,0,21.34,64.31
244014,1981,6,20,171,13.65,7.06,10.36,3.16,3.16,0,0.04,22.22,88.12
244014,1981,6,21,172,18.86,8.43,13.64,1.75,1.75,0,0.16,21.46,70.44
244014,1981,6,22,173,20.11,7.43,13.77,0,0,0,0.21,19.88,66.25
244014,1981,6,23,174,19.77,7.85,13.81,1.38,1.38,0,0.06,21.71,68
244014,1981,6,24,175,19.85,9.12,14.48,0,0,0,0,21.32,62.5
244014,1981,6,25,176,19.2,6.98,13.09,1.62,1.62,0,0.02,20.63,68.62
244014,1981,6,26,177,18.1,9.05,13.58,1.48,1.48,0,0,21.21,67.88
244014,1981,6,27,178,19.74,7.73,13.73,1.21,1.21,0,0,22.05,68.69
244014,1981,6,28,179,18.73,10.24,14.48,0,0,0,0.12,20.63,57.38
244014,1981,6,29,180,18.12,8.57,13.35,1.31,1.31,0,0.11,19.95,65.31
244014,1981,6,30,181,20.8,8.29,14.54,0,0,0,0,16.54,56.88
244014,1981,7,1,182,22.81,10.3,16.55,0,0,0,0.12,16.47,55.88
244014,1981,7,2,183,22.94,11.55,17.25,0,0,0,0.01,18.37,63.25
244014,1981,7,3,184,19.48,9.71,14.6,0,0,0,0,19.24,53.81
244014,1981,7,4,185,19.19,8.98,14.09,0,0,0,0.04,19.39,52.25
244014,1981,7,5,186,20.64,8.49,14.57,0,0,0,0.25,19.41,57.12
244014,1981,7,6,187,20.48,7.3,13.89,0.65,0.65,0,0,18.16,55.88
244014,1981,7,7,188,18.23,5.56,11.89,1.31,1.31,0,0,19.48,67.44
244014,1981,7,8,189,20.05,8.37,14.21,0,0,0,0,19.14,61.81
244014,1981,7,9,190,21.43,7.43,14.43,0,0,0,0,20.52,63.62
244014,1981,7,10,191,24.78,9.15,16.96,0,0,0,0.06,19.47,70.94
244014,1981,7,11,192,29.83,11.83,20.83,0,0,0,0.22,20.24,61.12
244014,1981,7,12,193,26.57,15.09,20.83,0.76,0.76,0,0,19.6,60
244014,1981,7,13,194,20.74,12.08,16.41,8.8,8.8,0,0,16.99,77.81
244014,1981,7,14,195,22.37,10.06,16.21,0.55,0.55,0,0.01,18.56,71.94
244014,1981,7,15,196,26.3,9.83,18.07,0,0,0,0.05,19.26,66
244014,1981,7,16,197,30.56,11.83,21.2,0,0,0,0.07,18.49,60.75
244014,1981,7,17,198,32.37,15.05,23.71,0,0,0,0.2,18.9,59.5
244014,1981,7,18,199,25.4,17.88,21.64,1.24,1.24,0,0.02,19.62,80.69
244014,1981,7,19,200,24.18,14.95,19.56,2.97,2.97,0,0.18,18.05,78.38
244014,1981,7,20,201,26.01,12.16,19.09,1.5,1.5,0,0.03,19.01,71.69
244014,1981,7,21,202,23.25,13.85,18.55,1.03,1.03,0,0,20.34,72.19
244014,1981,7,22,203,21.21,11.44,16.32,1.13,1.13,0,0,19.32,72.25
244014,1981,7,23,204,23.15,9.62,16.38,0,0,0,0.03,19.44,65.56
244014,1981,7,24,205,25.17,9.41,17.29,0,0,0,0,20.5,60.31
244014,1981,7,25,206,24.41,10.93,17.67,0,0,0,0.05,19.23,74.75
244014,1981,7,26,207,24.72,13.89,19.3,0,0,0,0,18.41,60.06
244014,1981,7,27,208,22.36,12.36,17.36,2.23,2.23,0,0,19.94,70.44
244014,1981,7,28,209,20.63,11.51,16.07,0.92,0.92,0,0.13,19.28,73.38
244014,1981,7,29,210,25.04,9.34,17.19,0,0,0,0.23,17.96,60.56
244014,1981,7,30,211,25.56,11.97,18.77,1.62,1.62,0,0.12,18.54,64.75
244014,1981,7,31,212,22.55,13.24,17.89,1.39,1.39,0,0.1,17.4,71.81
244014,1981,8,1,213,24.57,11.56,18.07,0,0,0,0.03,18.37,67
244014,1981,8,2,214,25.48,11.13,18.3,0.71,0.71,0,0.09,18.74,65.44
244014,1981,8,3,215,24.6,13.86,19.23,0,0,0,0.19,18.67,58.31
244014,1981,8,4,216,24.19,14.29,19.24,1.17,1.17,0,0.1,19.66,70.62
244014,1981,8,5,217,25.51,12.61,19.06,0.75,0.75,0,0.02,18.87,71.44
244014,1981,8,6,218,27.02,12.25,19.63,0,0,0,0,17.98,63.75
244014,1981,8,7,219,29.75,13.41,21.58,0,0,0,0.03,16.16,62.69
244014,1981,8,8,220,32.1,15.01,23.55,0,0,0,0.23,16.7,60.62
244014,1981,8,9,221,31.3,15.85,23.57,0,0,0,0.03,16.03,58.25
244014,1981,8,10,222,26.35,13.56,19.96,0,0,0,0,17.3,54.06
244014,1981,8,11,223,28.49,11.24,19.86,1.7,1.7,0,0.05,18.02,60.75
244014,1981,8,12,224,23.45,12.26,17.86,0,0,0,0.15,18.29,51.5
244014,1981,8,13,225,27.05,9.44,18.25,0,0,0,0.09,17.32,52
244014,1981,8,14,226,28.98,11.92,20.45,0,0,0,0.05,16.85,54.81
244014,1981,8,15,227,24.08,12.12,18.1,0.88,0.88,0,0.08,15.34,53.19
244014,1981,8,16,228,26.78,9.76,18.27,0,0,0,0.09,16.06,52.5
244014,1981,8,17,229,23.66,10.81,17.23,0,0,0,0,16.92,50.56
244014,1981,8,18,230,24.31,9.44,16.88,0,0,0,0.04,15.35,63.19
244014,1981,8,19,231,22.15,11.8,16.98,13.77,13.77,0,0.05,14.25,76
244014,1981,8,20,232,24.44,10.52,17.48,0,0,0,0.13,14.47,60.88
244014,1981,8,21,233,25.77,9.68,17.73,0,0,0,0.23,14.9,58.06
244014,1981,8,22,234,24.21,10.84,17.52,0,0,0,0,15.09,59.62
244014,1981,8,23,235,23.97,7.62,15.79,1.23,1.23,0,0,14.24,56.75
244014,1981,8,24,236,23.09,11.55,17.32,1.53,1.53,0,0,15.24,79.44
244014,1981,8,25,237,26.32,10.99,18.66,0,0,0,0.06,14.64,73.94
244014,1981,8,26,238,24.26,12.8,18.53,3.49,3.49,0,0.14,14.69,82.44
244014,1981,8,27,239,21.98,11.95,16.96,6.25,6.25,0,0,12.66,80.56
244014,1981,8,28,240,15.05,3.21,9.13,1.82,1.82,0,0.01,13.48,79.81
244014,1981,8,29,241,7.76,1.44,4.6,2.84,2.84,0,0.06,14.32,83.69
244014,1981,8,30,242,12.8,-0.99,5.91,0,0,0,0.16,13.81,73
244014,1981,8,31,243,18.94,2,10.47,0,0,0,0.09,12.81,77.31
244014,1981,9,1,244,9.4,0.76,5.08,0.78,0.78,0,0.02,14.41,66.44
244014,1981,9,2,245,12.94,-0.51,6.21,0,0,0,0.07,12.96,57.06
244014,1981,9,3,246,13.8,1.14,7.47,0.44,0.44,0,0.18,13.52,68.38
244014,1981,9,4,247,18.65,1.89,10.27,0,0,0,0.22,11.73,70.19
244014,1981,9,5,248,17.49,5.19,11.34,0,0,0,0.21,11.93,72.88
244014,1981,9,6,249,20.91,5.69,13.3,0,0,0,0.12,11.79,79.06
244014,1981,9,7,250,27.15,9.02,18.09,0,0,0,0.02,11.73,74.69
244014,1981,9,8,251,22.98,10.91,16.95,0,0,0,0.01,12.77,70.5
244014,1981,9,9,252,16.8,9.71,13.26,4.97,4.97,0,0,11.21,87.69
244014,1981,9,10,253,20.64,6.46,13.55,0,0,0,0,11.89,66.69
244014,1981,9,11,254,17.9,7.41,12.65,0,0,0,0,11.08,59.19
244014,1981,9,12,255,16.22,5.01,10.61,0,0,0,0,12.48,59.12
244014,1981,9,13,256,17.21,3.3,10.26,0,0,0,0.23,11.61,57.06
244014,1981,9,14,257,14.7,2.6,8.65,0.51,0.51,0,0.12,11.04,59.88
244014,1981,9,15,258,21.06,6.15,13.61,0.48,0.48,0,0.06,10.25,76.69
244014,1981,9,16,259,19.8,8.3,14.05,0,0,0,0.17,9.35,76.44
244014,1981,9,17,260,17.04,8.37,12.7,0.39,0.39,0,0.05,11.31,74.88
244014,1981,9,18,261,17.81,6.37,12.09,0.58,0.58,0,0.05,10.02,79.25
244014,1981,9,19,262,13.86,6.21,10.04,0,0,0,0,10.81,74.25
244014,1981,9,20,263,15.32,4.32,9.82,0,0,0,0.15,11.1,67.5
244014,1981,9,21,264,14.09,0.33,7.21,0,0,0,0.24,10.41,73.12
244014,1981,9,22,265,14.61,0.68,7.64,0,0,0,0.05,9.93,76.31
244014,1981,9,23,266,13.3,1.38,7.34,0.41,0.41,0,0.23,9.56,79.38
244014,1981,9,24,267,14.76,-0.85,6.96,0,0,0,0.36,9.45,68.88
244014,1981,9,25,268,14.92,0.55,7.74,0,0,0,0.34,9.7,62.44
244014,1981,9,26,269,15.13,2.26,8.7,0,0,0,0.09,9.87,57.94
244014,1981,9,27,270,13.95,-0.5,6.72,0,0,0,0,9.33,68.69
244014,1981,9,28,271,11.42,0.09,5.75,1.01,1.01,0,0.11,8.05,80.44
244014,1981,9,29,272,12.83,1.4,7.12,0,0,0,0.01,8.5,77.12
244014,1981,9,30,273,11.94,0.83,6.38,0.88,0.88,0,0,8.19,77.19
244014,1981,10,1,274,9.75,1.9,5.83,0,0,0,0,7.71,59.56
244014,1981,10,2,275,5.37,-0.24,2.56,0,0,0,0,7.87,70.25
244014,1981,10,3,276,3.87,-3.35,0.26,3.34,3.34,0,0.18,7.66,73.38
244014,1981,10,4,277,6.19,-4.14,1.03,0,0,0,0.16,7.53,87.31
244014,1981,10,5,278,6.65,-2.9,1.88,0,0,0,0.02,7.67,79.62
244014,1981,10,6,279,7.21,-0.7,3.25,0,0,0,0.02,7.25,79.81
244014,1981,10,7,280,1.3,-0.62,0.34,16.59,16.59,0,0.01,7.63,96.25
244014,1981,10,8,281,2.87,-1.19,0.84,4.43,4.43,0,0.03,7.73,96.06
244014,1981,10,9,282,0.46,-2.38,-0.96,11.13,0,11.13,0,7.29,96.56
244014,1981,10,10,283,0.26,-2.67,-1.21,5.82,0,5.82,0,7.55,98.31
244014,1981,10,11,284,1.6,-5.09,-1.74,0,0,0,0.24,7.47,97.5
244014,1981,10,12,285,3.65,-3.45,0.1,0,0,0,0.06,6.81,96.75
244014,1981,10,13,286,9.65,0.33,4.99,0,0,0,0.11,5.78,97.88
244014,1981,10,14,287,12.14,3.8,7.97,0,0,0,0.07,6.28,96
244014,1981,10,15,288,10.33,4.26,7.29,0,0,0,0.08,5.82,93.5
244014,1981,10,16,289,10.21,2.2,6.21,0,0,0,0.08,5.29,74.69
244014,1981,10,17,290,5.3,0.6,2.95,0,0,0,0.04,5.56,88.94
244014,1981,10,18,291,9.3,1.47,5.39,0,0,0,0.09,5.02,73.38
244014,1981,10,19,292,2.71,-5.3,-1.29,0,0,0,0.17,5.04,75.81
244014,1981,10,20,293,1.65,-4.69,-1.52,0,0,0,0.25,5.09,79.94
244014,1981,10,21,294,1.35,-4.38,-1.51,0,0,0,0.13,4.66,76.88
244014,1981,10,22,295,3.94,-3.66,0.14,0,0,0,0.11,4.65,84.5
244014,1981,10,23,296,2.65,-0.01,1.32,5.17,5.17,0,0.13,4.74,97.44
244014,1981,10,24,297,1.33,-2.5,-0.58,5.54,0,5.54,0.18,4.91,95.94
244014,1981,10,25,298,-2.81,-11.74,-7.28,19.84,0,19.84,0.2,4.42,91.5
244014,1981,10,26,299,-5.99,-13.09,-9.54,0,0,0,0.36,4.23,92.31
244014,1981,10,27,300,-3.38,-11.4,-7.39,6.21,0,6.21,0.3,4.63,96.75
244014,1981,10,28,301,-3.31,-13.39,-8.35,7.75,0,7.75,0.22,4.43,99.94
244014,1981,10,29,302,-5.42,-12.8,-9.11,0,0,0,0.17,4.05,100
244014,1981,10,30,303,-0.01,-13.02,-6.51,0,0,0,0.33,4.33,99.88
244014,1981,10,31,304,0.06,-9.32,-4.63,0,0,0,0.25,3.88,99.5
244014,1981,11,1,305,-1.13,-11.17,-6.15,0,0,0,0.19,4,99.31
244014,1981,11,2,306,-4.17,-9.37,-6.77,1.52,0,1.52,0.45,3.86,96.69
244014,1981,11,3,307,-3.41,-9.2,-6.3,10.89,0,10.89,0.29,3.61,99.75
244014,1981,11,4,308,-0.05,-13.62,-6.83,0,0,0,0.3,3.57,99.75
244014,1981,11,5,309,0.26,-1.03,-0.39,0,0,0,0.4,3.37,99.25
244014,1981,11,6,310,-0.6,-7.85,-4.22,0,0,0,0.27,3.33,98.19
244014,1981,11,7,311,-5.83,-14.26,-10.04,0,0,0,0.59,3.18,95.69
244014,1981,11,8,312,-4.22,-16.1,-10.16,0,0,0,0.26,3.29,98.19
244014,1981,11,9,313,-0.6,-6.77,-3.68,0,0,0,0.34,2.97,98.94
244014,1981,11,10,314,-1.25,-5.44,-3.35,1.11,0,1.11,0.21,2.75,99.69
244014,1981,11,11,315,-0.15,-4.17,-2.16,0,0,0,0.31,3.04,99.88
244014,1981,11,12,316,0.05,-8.68,-4.31,0,0,0,0.44,2.72,97
244014,1981,11,13,317,-4.23,-14.88,-9.55,0,0,0,0.4,2.63,96.44
244014,1981,11,14,318,-15.18,-18.93,-17.05,1.42,0,1.42,0.32,2.6,95.88
244014,1981,11,15,319,-10.89,-15.48,-13.19,3.12,0,3.12,0.27,2.56,95.69
244014,1981,11,16,320,-11,-15.47,-13.23,1.17,0,1.17,0.46,2.59,98.94
244014,1981,11,17,321,-11.25,-17.87,-14.56,2.47,0,2.47,0.27,2.51,98.94
244014,1981,11,18,322,-13.96,-18.47,-16.21,0,0,0,0.38,2.25,98.38
244014,1981,11,19,323,-14.4,-17.02,-15.71,2.28,0,2.28,0.25,2.22,98.88
244014,1981,11,20,324,-13.1,-16.59,-14.84,0,0,0,0.28,2.14,99.38
244014,1981,11,21,325,-15.13,-16.87,-16,5.48,0,5.48,0.46,2.03,98.81
244014,1981,11,22,326,-17.18,-21.98,-19.58,0,0,0,0.4,2.15,98.5
244014,1981,11,23,327,-16.17,-19.74,-17.95,0,0,0,0.23,1.93,99.38
244014,1981,11,24,328,-13.57,-20.43,-17,0,0,0,0.46,1.98,99.81
244014,1981,11,25,329,-7.27,-18.2,-12.73,0,0,0,0.45,1.81,99.88
244014,1981,11,26,330,-17.42,-23.77,-20.59,0,0,0,0.62,1.85,99.56
244014,1981,11,27,331,-2.68,-19.45,-11.06,0,0,0,0.45,1.8,99.88
244014,1981,11,28,332,0.23,-5.88,-2.82,2.83,0,2.83,0.44,1.88,99.06
244014,1981,11,29,333,-6.44,-11.95,-9.2,2.65,0,2.65,0.52,1.64,98.94
244014,1981,11,30,334,-9.4,-14.1,-11.75,0,0,0,0.8,1.65,99.19
244014,1981,12,1,335,-9.94,-13.98,-11.96,1.46,0,1.46,0.34,1.51,99.81
244014,1981,12,2,336,-5.63,-15.35,-10.49,0,0,0,0.66,1.49,99.38
244014,1981,12,3,337,-8.24,-17.38,-12.81,0,0,0,0.59,1.52,96.12
244014,1981,12,4,338,-14.45,-18.81,-16.63,0,0,0,0.63,1.39,99.19
244014,1981,12,5,339,-12.18,-16.27,-14.22,7.69,0,7.69,0.62,1.41,99.81
244014,1981,12,6,340,-16.38,-23.49,-19.93,2.21,0,2.21,0.45,1.34,98.81
244014,1981,12,7,341,-22.35,-28.31,-25.33,0,0,0,0.59,1.37,99.75
244014,1981,12,8,342,-24.77,-28.9,-26.84,0,0,0,0.45,1.28,100
244014,1981,12,9,343,-21.38,-24.87,-23.12,0,0,0,0.52,1.21,99.44
244014,1981,12,10,344,-19.87,-22.62,-21.25,2.05,0,2.05,0.53,1.28,99.12
244014,1981,12,11,345,-20.15,-25.23,-22.69,0,0,0,0.59,1.17,99.56
244014,1981,12,12,346,-23.17,-28.73,-25.95,0,0,0,0.82,1.22,96.62
244014,1981,12,13,347,-25.31,-30.99,-28.15,0,0,0,0.71,1.21,99.38
244014,1981,12,14,348,-22.45,-28.27,-25.36,0,0,0,0.68,1.23,99.75
244014,1981,12,15,349,-16.74,-25.2,-20.97,0,0,0,0.62,1.11,98.19
244014,1981,12,16,350,-8.72,-15.72,-12.22,0,0,0,1.02,1.14,92.62
244014,1981,12,17,351,-11.13,-15.38,-13.26,0,0,0,0.5,1.18,98.44
244014,1981,12,18,352,-8.74,-12.5,-10.62,0,0,0,0.68,1.16,99.94
244014,1981,12,19,353,-7.14,-11.43,-9.29,3.37,0,3.37,0.49,1.26,99.25
244014,1981,12,20,354,-5.67,-10.31,-7.99,1.1,0,1.1,0.73,1.15,99.25
244014,1981,12,21,355,-3.35,-10.04,-6.69,1.23,0,1.23,0.95,1.23,96.69
244014,1981,12,22,356,-10.9,-18.03,-14.46,0,0,0,0.7,1.23,99.88
244014,1981,12,23,357,-18.69,-24.04,-21.37,0,0,0,0.89,1.1,96.69
244014,1981,12,24,358,-20.23,-24.71,-22.47,0,0,0,0.5,1.14,96.94
244014,1981,12,25,359,-10.59,-24.89,-17.74,1.18,0,1.18,0.71,1.18,99.75
244014,1981,12,26,360,-21.02,-25.95,-23.48,1.59,0,1.59,0.77,1.23,98.5
244014,1981,12,27,361,-27.18,-37,-32.09,0,0,0,0.6,1.21,99.5
244014,1981,12,28,362,-31.61,-38.11,-34.86,0,0,0,0.56,1.25,99
244014,1981,12,29,363,-31.06,-38.7,-34.88,0,0,0,0.67,1.28,96.31
244014,1981,12,30,364,-29.47,-34.21,-31.84,0,0,0,0.7,1.3,97.94
244014,1981,12,31,365,-34.26,-37.02,-35.64,0,0,0,0.76,1.26,99.94
